date,title,event_or_location,type,description,source_url
1984-06-25,You Always Have Free Will,,live session,"Early-era Bashar channeling session (audio recording) titled 'You Always Have Free Will', dated 1984-06-25. Catalogued from a fan-archived recording on archive.org; no official synopsis was located on a fetched page, so only the title and date are recorded here.",https://archive.org/details/bashar-1984-06-25-you-always-have-free-will
1984-07-30,Navigation Limitation,,live session,"Early-era Bashar channeling session (audio recording) titled 'Navigation Limitation', dated 1984-07-30. Catalogued from a fan-archived recording on archive.org; no official synopsis was located on a fetched page, so only the title and date are recorded here.",https://archive.org/details/bashar-1984-07-30-navigation-limitation
1984-08-13,Third Eye,,live session,"Early-era Bashar channeling session (audio recording) titled 'Third Eye', dated 1984-08-13. Catalogued from a fan-archived recording on archive.org; no official synopsis was located on a fetched page, so only the title and date are recorded here.",https://archive.org/details/bashar-1984-08-13-third-eye
1985-01-27,Self Created Journey,,live session,"Early-era Bashar channeling session (audio recording) titled 'Self Created Journey', dated 1985-01-27. Catalogued from a fan-archived recording on archive.org; no official synopsis was located on a fetched page, so only the title and date are recorded here.",https://archive.org/details/bashar-self-created-journey-1985-01-27
1985-02-03,Expression And Vibration Recognition,,live session,"Early-era Bashar channeling session (audio recording) titled 'Expression And Vibration Recognition', dated 1985-02-03. Catalogued from a fan-archived recording on archive.org; no official synopsis was located on a fetched page, so only the title and date are recorded here.",https://archive.org/details/bashar-1985-02-03-expression-and-vibration-recognition
1985-02-10,Creators,,live session,"Early-era Bashar channeling session (audio recording) titled 'Creators', dated 1985-02-10. Catalogued from a fan-archived recording on archive.org; no official synopsis was located on a fetched page, so only the title and date are recorded here.",https://archive.org/details/bashar-1985-02-10-creators
1985-02-17,Personal Identity,,live session,"Early-era Bashar channeling session (audio recording) titled 'Personal Identity', dated 1985-02-17. Catalogued from a fan-archived recording on archive.org; no official synopsis was located on a fetched page, so only the title and date are recorded here.",https://archive.org/details/bashar-1985-02-17-personal-identity
1985-03-03,Multidimensionality,,live session,"Early-era Bashar channeling session (audio recording) titled 'Multidimensionality', dated 1985-03-03. Catalogued from a fan-archived recording on archive.org; no official synopsis was located on a fetched page, so only the title and date are recorded here.",https://archive.org/details/bashar-1985-03-03-multidimensionality
1985-03-17,Action Reaction,,live session,"Early-era Bashar channeling session (audio recording) titled 'Action Reaction', dated 1985-03-17. Catalogued from a fan-archived recording on archive.org; no official synopsis was located on a fetched page, so only the title and date are recorded here.",https://archive.org/details/bashar-1985-03-17-action-reaction
1985-03-24,Introducing The Association Of Worlds,,live session,"Early-era Bashar channeling session (audio recording) titled 'Introducing The Association Of Worlds', dated 1985-03-24. Catalogued from a fan-archived recording on archive.org; no official synopsis was located on a fetched page, so only the title and date are recorded here.",https://archive.org/details/bashar-1985-03-24-introducing-the-association-of-worlds
1985-03-25,Orion And The Black League,,live session,"Early-era Bashar channeling session (audio recording) titled 'Orion And The Black League', dated 1985-03-25. Catalogued from a fan-archived recording on archive.org; no official synopsis was located on a fetched page, so only the title and date are recorded here.",https://archive.org/details/bashar-1985-03-25-orion-and-the-black-league
1985-03-31,Orion Follow Up,,live session,"Early-era Bashar channeling session (audio recording) titled 'Orion Follow Up', dated 1985-03-31. Catalogued from a fan-archived recording on archive.org; no official synopsis was located on a fetched page, so only the title and date are recorded here.",https://archive.org/details/bashar-1985-03-31-orion-follow-up
1985-04-14,Equality Validity,,live session,"Early-era Bashar channeling session (audio recording) titled 'Equality Validity', dated 1985-04-14. Catalogued from a fan-archived recording on archive.org; no official synopsis was located on a fetched page, so only the title and date are recorded here.",https://archive.org/details/bashar-1985-04-14-equality-validity
1985-04-24,All Teachers All Students,,live session,"Early-era Bashar channeling session (audio recording) titled 'All Teachers All Students', dated 1985-04-24. Catalogued from a fan-archived recording on archive.org; no official synopsis was located on a fetched page, so only the title and date are recorded here.",https://archive.org/details/bashar-1985-04-24-all-teachers-all-students
1985-05-01,Freedom Of Choice,,live session,"Early-era Bashar channeling session (audio recording) titled 'Freedom Of Choice', dated 1985-05-01. Catalogued from a fan-archived recording on archive.org; no official synopsis was located on a fetched page, so only the title and date are recorded here.",https://archive.org/details/bashar-1985-05-01-freedom-of-choice
1985-05-15,Animal Guides,,live session,"Early-era Bashar channeling session (audio recording) titled 'Animal Guides', dated 1985-05-15. Catalogued from a fan-archived recording on archive.org; no official synopsis was located on a fetched page, so only the title and date are recorded here.",https://archive.org/details/bashar-1985-05-15-animal-guides
1985-05-22,Transitions,,live session,"Early-era Bashar channeling session (audio recording) titled 'Transitions', dated 1985-05-22. Catalogued from a fan-archived recording on archive.org; no official synopsis was located on a fetched page, so only the title and date are recorded here.",https://archive.org/details/bashar-1985-05-22-transitions
1985-06-05,ET Contacts,,live session,"Early-era Bashar channeling session (audio recording) titled 'ET Contacts', dated 1985-06-05. Catalogued from a fan-archived recording on archive.org; no official synopsis was located on a fetched page, so only the title and date are recorded here.",https://archive.org/details/bashar-1985-06-05-et-contacts
1985-07-17,Illuminati,,live session,"Early-era Bashar channeling session (audio recording) titled 'Illuminati', dated 1985-07-17. Catalogued from a fan-archived recording on archive.org; no official synopsis was located on a fetched page, so only the title and date are recorded here.",https://archive.org/details/bashar-1985-07-17-illuminati
1985-07-24,Earth History,,live session,"Early-era Bashar channeling session (audio recording) titled 'Earth History', dated 1985-07-24. Catalogued from a fan-archived recording on archive.org; no official synopsis was located on a fetched page, so only the title and date are recorded here.",https://archive.org/details/bashar-1985-07-24-earth-history
1985-07-31,Escalation Acceleration,,live session,"Early-era Bashar channeling session (audio recording) titled 'Escalation Acceleration', dated 1985-07-31. Catalogued from a fan-archived recording on archive.org; no official synopsis was located on a fetched page, so only the title and date are recorded here.",https://archive.org/details/bashar-1985-07-31-escalation-acceleration
1985-08-07,Polarity History And Healing,,live session,"Early-era Bashar channeling session (audio recording) titled 'Polarity History And Healing', dated 1985-08-07. Catalogued from a fan-archived recording on archive.org; no official synopsis was located on a fetched page, so only the title and date are recorded here.",https://archive.org/details/bashar-1985-08-07-polarity-history-and-healing
1985-08-14,Walk Ins,,live session,"Early-era Bashar channeling session (audio recording) titled 'Walk Ins', dated 1985-08-14. Catalogued from a fan-archived recording on archive.org; no official synopsis was located on a fetched page, so only the title and date are recorded here.",https://archive.org/details/bashar-1985-08-14-walk-ins
1985-08-21,Mutability,,live session,"Early-era Bashar channeling session (audio recording) titled 'Mutability', dated 1985-08-21. Catalogued from a fan-archived recording on archive.org; no official synopsis was located on a fetched page, so only the title and date are recorded here.",https://archive.org/details/bashar-1985-08-21-mutability
1985-08-28,Suicide And Excitement,,live session,"Early-era Bashar channeling session (audio recording) titled 'Suicide And Excitement', dated 1985-08-28. Catalogued from a fan-archived recording on archive.org; no official synopsis was located on a fetched page, so only the title and date are recorded here.",https://archive.org/details/bashar-1985-08-28-suicide-and-excitement
1985-09-04,Hummingbirds And Rainbows,,live session,"Early-era Bashar channeling session (audio recording) titled 'Hummingbirds And Rainbows', dated 1985-09-04. Catalogued from a fan-archived recording on archive.org; no official synopsis was located on a fetched page, so only the title and date are recorded here.",https://archive.org/details/bashar-1985-09-04-hummingbirds-and-rainbows
1985-09-04,Willingness Knowingness,,live session,"Early-era Bashar channeling session (audio recording) titled 'Willingness Knowingness', dated 1985-09-04. Catalogued from a fan-archived recording on archive.org; no official synopsis was located on a fetched page, so only the title and date are recorded here.",https://archive.org/details/bashar-1985-09-04-willingness-knowingness
1985-09-25,Consciousness,,live session,"Early-era Bashar channeling session (audio recording) titled 'Consciousness', dated 1985-09-25. Catalogued from a fan-archived recording on archive.org; no official synopsis was located on a fetched page, so only the title and date are recorded here.",https://archive.org/details/bashar-1985-09-25-consciousness
1985-10-09,Past Lives,,live session,"Early-era Bashar channeling session (audio recording) titled 'Past Lives', dated 1985-10-09. Catalogued from a fan-archived recording on archive.org; no official synopsis was located on a fetched page, so only the title and date are recorded here.",https://archive.org/details/bashar-1985-10-09-past-lives
1985-10-16,Mechanics Of Personality,,live session,"Early-era Bashar channeling session (audio recording) titled 'Mechanics Of Personality', dated 1985-10-16. Catalogued from a fan-archived recording on archive.org; no official synopsis was located on a fetched page, so only the title and date are recorded here.",https://archive.org/details/bashar-1985-10-16-mechanics-of-personality
1985-10-23,Decisions All About Spaceships,,live session,"Early-era Bashar channeling session (audio recording) titled 'Decisions All About Spaceships', dated 1985-10-23. Catalogued from a fan-archived recording on archive.org; no official synopsis was located on a fetched page, so only the title and date are recorded here.",https://archive.org/details/bashar-1985-10-23-decisions-all-about-spaceships
1985-10-30,Sexuality,,live session,"Early-era Bashar channeling session (audio recording) titled 'Sexuality', dated 1985-10-30. Catalogued from a fan-archived recording on archive.org; no official synopsis was located on a fetched page, so only the title and date are recorded here.",https://archive.org/details/bashar-sexuality-1985-10-30
1985-11-06,Infinite Action,,live session,"Early-era Bashar channeling session (audio recording) titled 'Infinite Action', dated 1985-11-06. Catalogued from a fan-archived recording on archive.org; no official synopsis was located on a fetched page, so only the title and date are recorded here.",https://archive.org/details/bashar-1985-11-06-infinite-action
1985-11-13,The Template,,live session,"Early-era Bashar channeling session (audio recording) titled 'The Template', dated 1985-11-13. Catalogued from a fan-archived recording on archive.org; no official synopsis was located on a fetched page, so only the title and date are recorded here.",https://archive.org/details/bashar-1985-11-13-the-template
1985-11-20,Sharing Forever,,live session,"Early-era Bashar channeling session (audio recording) titled 'Sharing Forever', dated 1985-11-20. Catalogued from a fan-archived recording on archive.org; no official synopsis was located on a fetched page, so only the title and date are recorded here.",https://archive.org/details/bashar-1985-11-20-sharing-forever
1985-11-27,Blending,,live session,"Early-era Bashar channeling session (audio recording) titled 'Blending', dated 1985-11-27. Catalogued from a fan-archived recording on archive.org; no official synopsis was located on a fetched page, so only the title and date are recorded here.",https://archive.org/details/bashar-1985-11-27-blending
1985-12-04,Hologram,,live session,"Early-era Bashar channeling session (audio recording) titled 'Hologram', dated 1985-12-04. Catalogued from a fan-archived recording on archive.org; no official synopsis was located on a fetched page, so only the title and date are recorded here.",https://archive.org/details/bashar-1985-12-04-hologram
1985-12-11,Co Creation,,live session,"Early-era Bashar channeling session (audio recording) titled 'Co Creation', dated 1985-12-11. Catalogued from a fan-archived recording on archive.org; no official synopsis was located on a fetched page, so only the title and date are recorded here.",https://archive.org/details/bashar-1985-12-11-co-creation-includes-lsd-mucus-congestion
1985-12-18,Separation Integration,,live session,"Early-era Bashar channeling session (audio recording) titled 'Separation Integration', dated 1985-12-18. Catalogued from a fan-archived recording on archive.org; no official synopsis was located on a fetched page, so only the title and date are recorded here.",https://archive.org/details/bashar-1985-12-18-separation-integration
1986-01-13,Jesus Said,,live session,"Early-era Bashar channeling session (audio recording) titled 'Jesus Said', dated 1986-01-13. Catalogued from a fan-archived recording on archive.org; no official synopsis was located on a fetched page, so only the title and date are recorded here.",https://archive.org/details/bashar-1986-01-13-jesus-said
1986-01-15,Be Who And What You Are,,live session,"Early-era Bashar channeling session (audio recording) titled 'Be Who And What You Are', dated 1986-01-15. Catalogued from a fan-archived recording on archive.org; no official synopsis was located on a fetched page, so only the title and date are recorded here.",https://archive.org/details/bashar-1986-01-15-be-who-and-what-you-are
1986-01-22,Faith And Psychic Abilities,,live session,"Early-era Bashar channeling session (audio recording) titled 'Faith And Psychic Abilities', dated 1986-01-22. Catalogued from a fan-archived recording on archive.org; no official synopsis was located on a fetched page, so only the title and date are recorded here.",https://archive.org/details/bashar-1986-01-22-faith-and-psychic-abilities
1986-01-29,Space Shuttle Challenger Symbol,,live session,"Early-era Bashar channeling session (audio recording) titled 'Space Shuttle Challenger Symbol', dated 1986-01-29. Catalogued from a fan-archived recording on archive.org; no official synopsis was located on a fetched page, so only the title and date are recorded here.",https://archive.org/details/bashar-1986-01-29-space-shuttle-challenger-symbol
1986-02-05,Forgetting,,live session,"Early-era Bashar channeling session (audio recording) titled 'Forgetting', dated 1986-02-05. Catalogued from a fan-archived recording on archive.org; no official synopsis was located on a fetched page, so only the title and date are recorded here.",https://archive.org/details/bashar-1986-02-05-forgetting
1986-02-06,Remembering,,live session,"Early-era Bashar channeling session (audio recording) titled 'Remembering', dated 1986-02-06. Catalogued from a fan-archived recording on archive.org; no official synopsis was located on a fetched page, so only the title and date are recorded here.",https://archive.org/details/bashar-1986-02-06-remembering
1986-02-12,Welcome To Fourth Density,,live session,"Early-era Bashar channeling session (audio recording) titled 'Welcome To Fourth Density', dated 1986-02-12. Catalogued from a fan-archived recording on archive.org; no official synopsis was located on a fetched page, so only the title and date are recorded here.",https://archive.org/details/bashar-1986-02-12-welcome-to-fourth-density
1986-02-19,Gathering Time,,live session,"Early-era Bashar channeling session (audio recording) titled 'Gathering Time', dated 1986-02-19. Catalogued from a fan-archived recording on archive.org; no official synopsis was located on a fetched page, so only the title and date are recorded here.",https://archive.org/details/bashar-1986-02-19-gathering-time
1986-02-24,Dream Reality,,live session,"Early-era Bashar channeling session (audio recording) titled 'Dream Reality', dated 1986-02-24. Catalogued from a fan-archived recording on archive.org; no official synopsis was located on a fetched page, so only the title and date are recorded here.",https://archive.org/details/bashar-dream-reality-1986-02-24
1986-02-26,Shedding Some Light,,live session,"Early-era Bashar channeling session (audio recording) titled 'Shedding Some Light', dated 1986-02-26. Catalogued from a fan-archived recording on archive.org; no official synopsis was located on a fetched page, so only the title and date are recorded here.",https://archive.org/details/bashar-1986-02-26-shedding-some-light
1986-03-05,Reflections,,live session,"Early-era Bashar channeling session (audio recording) titled 'Reflections', dated 1986-03-05. Catalogued from a fan-archived recording on archive.org; no official synopsis was located on a fetched page, so only the title and date are recorded here.",https://archive.org/details/bashar-1986-03-05-reflections
1986-03-10,Believing In Beliefs,,live session,"Early-era Bashar channeling session (audio recording) titled 'Believing In Beliefs', dated 1986-03-10. Catalogued from a fan-archived recording on archive.org; no official synopsis was located on a fetched page, so only the title and date are recorded here.",https://archive.org/details/bashar-1986-03-10-believing-in-beliefs
1986-03-19,Infinity,,live session,"Early-era Bashar channeling session (audio recording) titled 'Infinity', dated 1986-03-19. Catalogued from a fan-archived recording on archive.org; no official synopsis was located on a fetched page, so only the title and date are recorded here.",https://archive.org/details/bashar-1986-03-19-infinity
1986-03-20,Oversoul Perspective,,live session,"Early-era Bashar channeling session (audio recording) titled 'Oversoul Perspective', dated 1986-03-20. Catalogued from a fan-archived recording on archive.org; no official synopsis was located on a fetched page, so only the title and date are recorded here.",https://archive.org/details/bashar-1986-03-20-oversoul-perspective
1986-03-26,Interactions,,live session,"Early-era Bashar channeling session (audio recording) titled 'Interactions', dated 1986-03-26. Catalogued from a fan-archived recording on archive.org; no official synopsis was located on a fetched page, so only the title and date are recorded here.",https://archive.org/details/bashar-1986-03-26-interactions
1986-04-02,Conviction,,live session,"Early-era Bashar channeling session (audio recording) titled 'Conviction', dated 1986-04-02. Catalogued from a fan-archived recording on archive.org; no official synopsis was located on a fetched page, so only the title and date are recorded here.",https://archive.org/details/bashar-1986-04-02-conviction
1986-04-09,Equality,,live session,"Early-era Bashar channeling session (audio recording) titled 'Equality', dated 1986-04-09. Catalogued from a fan-archived recording on archive.org; no official synopsis was located on a fetched page, so only the title and date are recorded here.",https://archive.org/details/bashar-1986-04-09-equality
1986-04-14,Darryl's Dream,,live session,"Early-era Bashar channeling session (audio recording) titled 'Darryl's Dream', dated 1986-04-14. Catalogued from a fan-archived recording on archive.org; no official synopsis was located on a fetched page, so only the title and date are recorded here.",https://archive.org/details/bashar-1986-04-14-darryl's-dream
1986-04-16,Showers Of Infinity And Synchronicity,,live session,"Early-era Bashar channeling session (audio recording) titled 'Showers Of Infinity And Synchronicity', dated 1986-04-16. Catalogued from a fan-archived recording on archive.org; no official synopsis was located on a fetched page, so only the title and date are recorded here.",https://archive.org/details/bashar-1986-04-16-showers-of-infinity-and-synchronicity
1986-04-19,Accepting Yourself,,live session,"Early-era Bashar channeling session (audio recording) titled 'Accepting Yourself', dated 1986-04-19. Catalogued from a fan-archived recording on archive.org; no official synopsis was located on a fetched page, so only the title and date are recorded here.",https://archive.org/details/bashar-accepting-yourself-1986-04-19_202408
1986-04-23,Frames Of Reference,,live session,"Early-era Bashar channeling session (audio recording) titled 'Frames Of Reference', dated 1986-04-23. Catalogued from a fan-archived recording on archive.org; no official synopsis was located on a fetched page, so only the title and date are recorded here.",https://archive.org/details/bashar-1986-04-23-frames-of-reference
1986-05-07,Field Trip,,live session,"Early-era Bashar channeling session (audio recording) titled 'Field Trip', dated 1986-05-07. Catalogued from a fan-archived recording on archive.org; no official synopsis was located on a fetched page, so only the title and date are recorded here.",https://archive.org/details/bashar-1986-05-07-field-trip
1986-05-08,Abundance First Half,,live session,"Early-era Bashar channeling session (audio recording) titled 'Abundance First Half', dated 1986-05-08. Catalogued from a fan-archived recording on archive.org; no official synopsis was located on a fetched page, so only the title and date are recorded here.",https://archive.org/details/bashar-1986-05-08-abundance-first-half
1986-05-14,Cats,,live session,"Early-era Bashar channeling session (audio recording) titled 'Cats', dated 1986-05-14. Catalogued from a fan-archived recording on archive.org; no official synopsis was located on a fetched page, so only the title and date are recorded here.",https://archive.org/details/bashar-1986-05-14-cats
1986-05-28,Arcturus,,live session,"Early-era Bashar channeling session (audio recording) titled 'Arcturus', dated 1986-05-28. Catalogued from a fan-archived recording on archive.org; no official synopsis was located on a fetched page, so only the title and date are recorded here.",https://archive.org/details/bashar-1986-05-28-arcturus
1986-06-04,Connections,,live session,"Early-era Bashar channeling session (audio recording) titled 'Connections', dated 1986-06-04. Catalogued from a fan-archived recording on archive.org; no official synopsis was located on a fetched page, so only the title and date are recorded here.",https://archive.org/details/bashar-1986-06-04-connections
1986-06-05,Your Relationship To Your Soul,,live session,"Early-era Bashar channeling session (audio recording) titled 'Your Relationship To Your Soul', dated 1986-06-05. Catalogued from a fan-archived recording on archive.org; no official synopsis was located on a fetched page, so only the title and date are recorded here.",https://archive.org/details/bashar-1986-06-05-your-relationship-to-your-soul
1986-06-18,Synchronicity,,live session,"Early-era Bashar channeling session (audio recording) titled 'Synchronicity', dated 1986-06-18. Catalogued from a fan-archived recording on archive.org; no official synopsis was located on a fetched page, so only the title and date are recorded here.",https://archive.org/details/bashar-1986-06-18-synchronicity
1986-06-25,Under Control,,live session,"Early-era Bashar channeling session (audio recording) titled 'Under Control', dated 1986-06-25. Catalogued from a fan-archived recording on archive.org; no official synopsis was located on a fetched page, so only the title and date are recorded here.",https://archive.org/details/bashar-1986-06-25-under-control
1986-07-02,Relationships,,live session,"Early-era Bashar channeling session (audio recording) titled 'Relationships', dated 1986-07-02. Catalogued from a fan-archived recording on archive.org; no official synopsis was located on a fetched page, so only the title and date are recorded here.",https://archive.org/details/bashar-1986-07-02-relationships
1986-07-08,Habits,,live session,"Early-era Bashar channeling session (audio recording) titled 'Habits', dated 1986-07-08. Catalogued from a fan-archived recording on archive.org; no official synopsis was located on a fetched page, so only the title and date are recorded here.",https://archive.org/details/bashar-1986-07-08-habits
1986-07-09,Energy Gate,,live session,"Early-era Bashar channeling session (audio recording) titled 'Energy Gate', dated 1986-07-09. Catalogued from a fan-archived recording on archive.org; no official synopsis was located on a fetched page, so only the title and date are recorded here.",https://archive.org/details/bashar-1986-07-09-energy-gate
1986-07-16,Perspectives,,live session,"Early-era Bashar channeling session (audio recording) titled 'Perspectives', dated 1986-07-16. Catalogued from a fan-archived recording on archive.org; no official synopsis was located on a fetched page, so only the title and date are recorded here.",https://archive.org/details/bashar-1986-07-16-perspectives
1986-07-19,Primary Knowingness,,live session,"Early-era Bashar channeling session (audio recording) titled 'Primary Knowingness', dated 1986-07-19. Catalogued from a fan-archived recording on archive.org; no official synopsis was located on a fetched page, so only the title and date are recorded here.",https://archive.org/details/bashar-1986-07-19-primary-knowingness
1986-07-23,Simplicity Itself,,live session,"Early-era Bashar channeling session (audio recording) titled 'Simplicity Itself', dated 1986-07-23. Catalogued from a fan-archived recording on archive.org; no official synopsis was located on a fetched page, so only the title and date are recorded here.",https://archive.org/details/bashar-1986-07-23-simplicity-itself
1986-08-06,Being In Touch,,live session,"Early-era Bashar channeling session (audio recording) titled 'Being In Touch', dated 1986-08-06. Catalogued from a fan-archived recording on archive.org; no official synopsis was located on a fetched page, so only the title and date are recorded here.",https://archive.org/details/bashar-1986-08-06-being-in-touch
1986-08-13,Togetherness,,live session,"Early-era Bashar channeling session (audio recording) titled 'Togetherness', dated 1986-08-13. Catalogued from a fan-archived recording on archive.org; no official synopsis was located on a fetched page, so only the title and date are recorded here.",https://archive.org/details/bashar-1986-08-13-togetherness
1986-08-19,Symbolic Meaning,,live session,"Early-era Bashar channeling session (audio recording) titled 'Symbolic Meaning', dated 1986-08-19. Catalogued from a fan-archived recording on archive.org; no official synopsis was located on a fetched page, so only the title and date are recorded here.",https://archive.org/details/bashar-1986-08-19-symbolic-meaning
1986-08-27,Trust,,live session,"Early-era Bashar channeling session (audio recording) titled 'Trust', dated 1986-08-27. Catalogued from a fan-archived recording on archive.org; no official synopsis was located on a fetched page, so only the title and date are recorded here.",https://archive.org/details/bashar-1986-08-27-trust
1986-09-03,Designer Dreams,,live session,"Early-era Bashar channeling session (audio recording) titled 'Designer Dreams', dated 1986-09-03. Catalogued from a fan-archived recording on archive.org; no official synopsis was located on a fetched page, so only the title and date are recorded here.",https://archive.org/details/bashar-1986-09-03-designer-dreams
1986-09-10,Ecstatic Transformation,,live session,"Early-era Bashar channeling session (audio recording) titled 'Ecstatic Transformation', dated 1986-09-10. Catalogued from a fan-archived recording on archive.org; no official synopsis was located on a fetched page, so only the title and date are recorded here.",https://archive.org/details/bashar-1986-09-10-ecstatic-transformation
1986-09-17,Happy Anniversary,,live session,"Early-era Bashar channeling session (audio recording) titled 'Happy Anniversary', dated 1986-09-17. Catalogued from a fan-archived recording on archive.org; no official synopsis was located on a fetched page, so only the title and date are recorded here.",https://archive.org/details/bashar-1986-09-17-happy-anniversary
1986-09-24,Cruising Thru Time,,live session,"Early-era Bashar channeling session (audio recording) titled 'Cruising Thru Time', dated 1986-09-24. Catalogued from a fan-archived recording on archive.org; no official synopsis was located on a fetched page, so only the title and date are recorded here.",https://archive.org/details/bashar-1986-09-24-cruising-thru-time
1986-10-01,Unfolding,,live session,"Early-era Bashar channeling session (audio recording) titled 'Unfolding', dated 1986-10-01. Catalogued from a fan-archived recording on archive.org; no official synopsis was located on a fetched page, so only the title and date are recorded here.",https://archive.org/details/bashar-1986-10-01-unfolding
1986-10-08,Night Of Dreams,,live session,"Early-era Bashar channeling session (audio recording) titled 'Night Of Dreams', dated 1986-10-08. Catalogued from a fan-archived recording on archive.org; no official synopsis was located on a fetched page, so only the title and date are recorded here.",https://archive.org/details/bashar-1986-10-08-night-of-dreams
1986-10-15,Dolphin Dreams,,live session,"Early-era Bashar channeling session (audio recording) titled 'Dolphin Dreams', dated 1986-10-15. Catalogued from a fan-archived recording on archive.org; no official synopsis was located on a fetched page, so only the title and date are recorded here.",https://archive.org/details/bashar-1986-10-15-dolphin-dreams
1986-10-29,You Are Spirit,,live session,"Early-era Bashar channeling session (audio recording) titled 'You Are Spirit', dated 1986-10-29. Catalogued from a fan-archived recording on archive.org; no official synopsis was located on a fetched page, so only the title and date are recorded here.",https://archive.org/details/bashar-1986-10-29-you-are-spirit
1986-11-05,Paradox,,live session,"Early-era Bashar channeling session (audio recording) titled 'Paradox', dated 1986-11-05. Catalogued from a fan-archived recording on archive.org; no official synopsis was located on a fetched page, so only the title and date are recorded here.",https://archive.org/details/bashar-1986-11-05-paradox
1986-11-12,System of Belief,,live session,"Early-era Bashar channeling session (audio recording) titled 'System of Belief', dated 1986-11-12. Catalogued from a fan-archived recording on archive.org; no official synopsis was located on a fetched page, so only the title and date are recorded here.",https://archive.org/details/bashar-system-of-belief-1986-11-12
1986-11-19,Rats,,live session,"Early-era Bashar channeling session (audio recording) titled 'Rats', dated 1986-11-19. Catalogued from a fan-archived recording on archive.org; no official synopsis was located on a fetched page, so only the title and date are recorded here.",https://archive.org/details/bashar-1986-11-19-rats
1986-12-10,The Awakening 2,,live session,"Early-era Bashar channeling session (audio recording) titled 'The Awakening 2', dated 1986-12-10. Catalogued from a fan-archived recording on archive.org; no official synopsis was located on a fetched page, so only the title and date are recorded here.",https://archive.org/details/bashar-1986-12-10-the-awakening-2
1986-12-17,The Awakening 3,,live session,"Early-era Bashar channeling session (audio recording) titled 'The Awakening 3', dated 1986-12-17. Catalogued from a fan-archived recording on archive.org; no official synopsis was located on a fetched page, so only the title and date are recorded here.",https://archive.org/details/bashar-1986-12-17-the-awakening-3
1986-12-24,The Awakening 4,,live session,"Early-era Bashar channeling session (audio recording) titled 'The Awakening 4', dated 1986-12-24. Catalogued from a fan-archived recording on archive.org; no official synopsis was located on a fetched page, so only the title and date are recorded here.",https://archive.org/details/bashar-1986-12-24-the-awakening-4
1986-12-29,Hawaii The Heart,Hawaii,live session,"Early-era Bashar channeling session (audio recording) titled 'Hawaii The Heart', dated 1986-12-29. Catalogued from a fan-archived recording on archive.org; no official synopsis was located on a fetched page, so only the title and date are recorded here.",https://archive.org/details/bashar-1986-12-29-hawaii-the-heart
1987,The Men in Black,,live session,"Early-era Bashar channeling session (audio recording) titled 'The Men in Black', dated 1987. Catalogued from a fan-archived recording on archive.org; no official synopsis was located on a fetched page, so only the title and date are recorded here.",https://archive.org/details/bashar-the-men-in-black-1987
1987-01-01,Dolphins Gift Maui,"Maui, Hawaii",live session,"Early-era Bashar channeling session (audio recording) titled 'Dolphins Gift Maui', dated 1987-01-01. Catalogued from a fan-archived recording on archive.org; no official synopsis was located on a fetched page, so only the title and date are recorded here.",https://archive.org/details/bashar-1987-01-01-dolphins-gift-maui
1987-01-04,Om Circle Maui,"Maui, Hawaii",live session,"Early-era Bashar channeling session (audio recording) titled 'Om Circle Maui', dated 1987-01-04. Catalogued from a fan-archived recording on archive.org; no official synopsis was located on a fetched page, so only the title and date are recorded here.",https://archive.org/details/bashar-1987-01-04-om-circle-maui
1987-01-06,Accelerating Your Frequency,,live session,"Early-era Bashar channeling session (audio recording) titled 'Accelerating Your Frequency', dated 1987-01-06. Catalogued from a fan-archived recording on archive.org; no official synopsis was located on a fetched page, so only the title and date are recorded here.",https://archive.org/details/bashar-1987-01-06-accelerating-your-frequency
1987-01-09,Essassani Concepts Oahu,"Oahu, Hawaii",live session,"Early-era Bashar channeling session (audio recording) titled 'Essassani Concepts Oahu', dated 1987-01-09. Catalogued from a fan-archived recording on archive.org; no official synopsis was located on a fetched page, so only the title and date are recorded here.",https://archive.org/details/bashar-1987-01-09-essassani-concepts-oahu
1987-01-15,The Golden Gate,,live session,"Early-era Bashar channeling session (audio recording) titled 'The Golden Gate', dated 1987-01-15. Catalogued from a fan-archived recording on archive.org; no official synopsis was located on a fetched page, so only the title and date are recorded here.",https://archive.org/details/bashar-the-golden-gate-1987-01-15
1987-01-22,Miracles,,live session,"Early-era Bashar channeling session (audio recording) titled 'Miracles', dated 1987-01-22. Catalogued from a fan-archived recording on archive.org; no official synopsis was located on a fetched page, so only the title and date are recorded here.",https://archive.org/details/bashar-miracles-1987-01-22
1987-01-28,Friends And Neighbors,,live session,"Early-era Bashar channeling session (audio recording) titled 'Friends And Neighbors', dated 1987-01-28. Catalogued from a fan-archived recording on archive.org; no official synopsis was located on a fetched page, so only the title and date are recorded here.",https://archive.org/details/bashar-1987-01-28-friends-and-neighbors
1987-02-05,Opening Night,,live session,"Early-era Bashar channeling session (audio recording) titled 'Opening Night', dated 1987-02-05. Catalogued from a fan-archived recording on archive.org; no official synopsis was located on a fetched page, so only the title and date are recorded here.",https://archive.org/details/bashar-1987-02-05-opening-night
1987-02-12,Perfection,,live session,"Early-era Bashar channeling session (audio recording) titled 'Perfection', dated 1987-02-12. Catalogued from a fan-archived recording on archive.org; no official synopsis was located on a fetched page, so only the title and date are recorded here.",https://archive.org/details/bashar-perfection-1987-02-12
1987-02-19,Turning On The Lights,,live session,"Early-era Bashar channeling session (audio recording) titled 'Turning On The Lights', dated 1987-02-19. Catalogued from a fan-archived recording on archive.org; no official synopsis was located on a fetched page, so only the title and date are recorded here.",https://archive.org/details/bashar-1987-02-19-turning-on-the-lights
1987-02-21,All Edmond Wollmann's Questions Till 1987,,live session,"Early-era Bashar channeling session (audio recording) titled 'All Edmond Wollmann's Questions Till 1987', dated 1987-02-21. Catalogued from a fan-archived recording on archive.org; no official synopsis was located on a fetched page, so only the title and date are recorded here.",https://archive.org/details/bashar-1987-02-21-all-edmond-wollmanns-questions-till-1987
1987-02-26,Unplugging,,live session,"Early-era Bashar channeling session (audio recording) titled 'Unplugging', dated 1987-02-26. Catalogued from a fan-archived recording on archive.org; no official synopsis was located on a fetched page, so only the title and date are recorded here.",https://archive.org/details/bashar-1987-02-26-unplugging
1987-03-05,Association Earth,,live session,"Early-era Bashar channeling session (audio recording) titled 'Association Earth', dated 1987-03-05. Catalogued from a fan-archived recording on archive.org; no official synopsis was located on a fetched page, so only the title and date are recorded here.",https://archive.org/details/bashar-association-earth-1987-03-05
1987-03-05,Conscious Commandment,,live session,"Early-era Bashar channeling session (audio recording) titled 'Conscious Commandment', dated 1987-03-05. Catalogued from a fan-archived recording on archive.org; no official synopsis was located on a fetched page, so only the title and date are recorded here.",https://archive.org/details/bashar-1987-03-05-conscious-commandment
1987-03-12,Heaven And Hell,,live session,"Early-era Bashar channeling session (audio recording) titled 'Heaven And Hell', dated 1987-03-12. Catalogued from a fan-archived recording on archive.org; no official synopsis was located on a fetched page, so only the title and date are recorded here.",https://archive.org/details/bashar-1987-03-12-heaven-and-hell
1987-03-14,Pure Of Tone,,live session,"Early-era Bashar channeling session (audio recording) titled 'Pure Of Tone', dated 1987-03-14. Catalogued from a fan-archived recording on archive.org; no official synopsis was located on a fetched page, so only the title and date are recorded here.",https://archive.org/details/bashar-1987-03-14-pure-of-tone
1987-03-15,Self Empowerment Workshop,,workshop,"Early-era Bashar channeling session (audio recording) titled 'Self Empowerment Workshop', dated 1987-03-15. Catalogued from a fan-archived recording on archive.org; no official synopsis was located on a fetched page, so only the title and date are recorded here.",https://archive.org/details/bashar-self-empowerment-workshop-1987-03-15
1987-03-19,Self Fulfilling Prophecy,,live session,"Early-era Bashar channeling session (audio recording) titled 'Self Fulfilling Prophecy', dated 1987-03-19. Catalogued from a fan-archived recording on archive.org; no official synopsis was located on a fetched page, so only the title and date are recorded here.",https://archive.org/details/bashar-1987-03-19-self-fulfilling-prophecy
1987-04-02,Reincarnation,,live session,"Early-era Bashar channeling session (audio recording) titled 'Reincarnation', dated 1987-04-02. Catalogued from a fan-archived recording on archive.org; no official synopsis was located on a fetched page, so only the title and date are recorded here.",https://archive.org/details/bashar-1987-04-02-reincarnation
1987-04-16,Old Friends New Friends,,live session,"Early-era Bashar channeling session (audio recording) titled 'Old Friends New Friends', dated 1987-04-16. Catalogued from a fan-archived recording on archive.org; no official synopsis was located on a fetched page, so only the title and date are recorded here.",https://archive.org/details/bashar-1987-04-16-old-friends-new-friends
1987-04-23,"Connections, Linkages and Controls",,live session,"Early-era Bashar channeling session (audio recording) titled 'Connections, Linkages and Controls', dated 1987-04-23. Catalogued from a fan-archived recording on archive.org; no official synopsis was located on a fetched page, so only the title and date are recorded here.",https://archive.org/details/bashar-connections-linkages-and-controls-1987-04-23
1987-04-30,Home Stretch,,live session,"Early-era Bashar channeling session (audio recording) titled 'Home Stretch', dated 1987-04-30. Catalogued from a fan-archived recording on archive.org; no official synopsis was located on a fetched page, so only the title and date are recorded here.",https://archive.org/details/bashar-1987-04-30-home-stretch
1987-05-21,The Sharing,,live session,"Early-era Bashar channeling session (audio recording) titled 'The Sharing', dated 1987-05-21. Catalogued from a fan-archived recording on archive.org; no official synopsis was located on a fetched page, so only the title and date are recorded here.",https://archive.org/details/bashar-1987-05-21-the-sharing
1987-05-28,Patterns And Meaning,,live session,"Early-era Bashar channeling session (audio recording) titled 'Patterns And Meaning', dated 1987-05-28. Catalogued from a fan-archived recording on archive.org; no official synopsis was located on a fetched page, so only the title and date are recorded here.",https://archive.org/details/bashar-1987-05-28-patterns-and-meaning
1987-06-04,Convergence,,live session,"Early-era Bashar channeling session (audio recording) titled 'Convergence', dated 1987-06-04. Catalogued from a fan-archived recording on archive.org; no official synopsis was located on a fetched page, so only the title and date are recorded here.",https://archive.org/details/bashar-convergence-1987-06-04
1987-06-11,Kachina Dreams,,live session,"Early-era Bashar channeling session (audio recording) titled 'Kachina Dreams', dated 1987-06-11. Catalogued from a fan-archived recording on archive.org; no official synopsis was located on a fetched page, so only the title and date are recorded here.",https://archive.org/details/bashar-1987-06-11-kachina-dreams
1987-06-18,Integrity And Opportunity,,live session,"Early-era Bashar channeling session (audio recording) titled 'Integrity And Opportunity', dated 1987-06-18. Catalogued from a fan-archived recording on archive.org; no official synopsis was located on a fetched page, so only the title and date are recorded here.",https://archive.org/details/bashar-1987-06-18-integrity-and-opportunity
1987-06-28,Children's Channeling,,live session,"Early-era Bashar channeling session (audio recording) titled 'Children's Channeling', dated 1987-06-28. Catalogued from a fan-archived recording on archive.org; no official synopsis was located on a fetched page, so only the title and date are recorded here.",https://archive.org/details/bashar-childrens-channeling-1987-06-28
1987-07-02,Yardsticks,,live session,"Early-era Bashar channeling session (audio recording) titled 'Yardsticks', dated 1987-07-02. Catalogued from a fan-archived recording on archive.org; no official synopsis was located on a fetched page, so only the title and date are recorded here.",https://archive.org/details/bashar-1987-07-02-yardsticks
1987-07-09,All Of It,,live session,"Early-era Bashar channeling session (audio recording) titled 'All Of It', dated 1987-07-09. Catalogued from a fan-archived recording on archive.org; no official synopsis was located on a fetched page, so only the title and date are recorded here.",https://archive.org/details/bashar-1987-07-09-all-of-it
1987-07-18,How Bashar's Spaceship Flies,,live session,"Early-era Bashar channeling session (audio recording) titled 'How Bashar's Spaceship Flies', dated 1987-07-18. Catalogued from a fan-archived recording on archive.org; no official synopsis was located on a fetched page, so only the title and date are recorded here.",https://archive.org/details/bashar-1987-07-18-how-bashars-spaceship-flies
1987-07-24,Tools,,live session,"Early-era Bashar channeling session (audio recording) titled 'Tools', dated 1987-07-24. Catalogued from a fan-archived recording on archive.org; no official synopsis was located on a fetched page, so only the title and date are recorded here.",https://archive.org/details/bashar-1987-07-24-tools
1987-07-30,Karmic Template,,live session,"Early-era Bashar channeling session (audio recording) titled 'Karmic Template', dated 1987-07-30. Catalogued from a fan-archived recording on archive.org; no official synopsis was located on a fetched page, so only the title and date are recorded here.",https://archive.org/details/bashar-1987-07-30-karmic-template
1987-08-04,Expansion,,live session,"Early-era Bashar channeling session (audio recording) titled 'Expansion', dated 1987-08-04. Catalogued from a fan-archived recording on archive.org; no official synopsis was located on a fetched page, so only the title and date are recorded here.",https://archive.org/details/bashar-1987-08-04-expansion
1987-08-06,Intuition and Intellect,,live session,"Early-era Bashar channeling session (audio recording) titled 'Intuition and Intellect', dated 1987-08-06. Catalogued from a fan-archived recording on archive.org; no official synopsis was located on a fetched page, so only the title and date are recorded here.",https://archive.org/details/bashar-intuition-and-intellect-1987-08-06
1987-08-13,Harmonic Wave,,live session,"Early-era Bashar channeling session (audio recording) titled 'Harmonic Wave', dated 1987-08-13. Catalogued from a fan-archived recording on archive.org; no official synopsis was located on a fetched page, so only the title and date are recorded here.",https://archive.org/details/bashar-1987-08-13-harmonic-wave
1987-08-19,The New Metaphysics,,live session,"Early-era Bashar channeling session (audio recording) titled 'The New Metaphysics', dated 1987-08-19. Catalogued from a fan-archived recording on archive.org; no official synopsis was located on a fetched page, so only the title and date are recorded here.",https://archive.org/details/bashar-new-metaphysics-1987-08-19
1987-08-27,Ignition,,live session,"Early-era Bashar channeling session (audio recording) titled 'Ignition', dated 1987-08-27. Catalogued from a fan-archived recording on archive.org; no official synopsis was located on a fetched page, so only the title and date are recorded here.",https://archive.org/details/bashar-1987-08-27-ignition
1987-09-03,Weaning,,live session,"Early-era Bashar channeling session (audio recording) titled 'Weaning', dated 1987-09-03. Catalogued from a fan-archived recording on archive.org; no official synopsis was located on a fetched page, so only the title and date are recorded here.",https://archive.org/details/bashar-1987-09-03-weaning
1987-09-10,Most Important Thing,,live session,"Early-era Bashar channeling session (audio recording) titled 'Most Important Thing', dated 1987-09-10. Catalogued from a fan-archived recording on archive.org; no official synopsis was located on a fetched page, so only the title and date are recorded here.",https://archive.org/details/bashar-1987-09-10-most-important-thing
1987-09-15,Inward Bound,,live session,"Early-era Bashar channeling session (audio recording) titled 'Inward Bound', dated 1987-09-15. Catalogued from a fan-archived recording on archive.org; no official synopsis was located on a fetched page, so only the title and date are recorded here.",https://archive.org/details/bashar-inward-bound-1987-09-15_202405
1987-09-17,Cozy Little Chat,,live session,"Early-era Bashar channeling session (audio recording) titled 'Cozy Little Chat', dated 1987-09-17. Catalogued from a fan-archived recording on archive.org; no official synopsis was located on a fetched page, so only the title and date are recorded here.",https://archive.org/details/bashar-1987-09-17-cozy-little-chat
1987-09-24,Body And Soul,,live session,"Early-era Bashar channeling session (audio recording) titled 'Body And Soul', dated 1987-09-24. Catalogued from a fan-archived recording on archive.org; no official synopsis was located on a fetched page, so only the title and date are recorded here.",https://archive.org/details/bashar-1987-09-24-body-and-soul
1987-09-26,Images In San Mateo,"San Mateo, California",live session,"Early-era Bashar channeling session (audio recording) titled 'Images In San Mateo', dated 1987-09-26. Catalogued from a fan-archived recording on archive.org; no official synopsis was located on a fetched page, so only the title and date are recorded here.",https://archive.org/details/bashar-1987-09-26-images-in-san-mateo
1987-10-01,Autumn,,live session,"Early-era Bashar channeling session (audio recording) titled 'Autumn', dated 1987-10-01. Catalogued from a fan-archived recording on archive.org; no official synopsis was located on a fetched page, so only the title and date are recorded here.",https://archive.org/details/bashar-1987-10-01-autumn
1987-10-04,Mechanics Of Metaphysics,,live session,"Early-era Bashar channeling session (audio recording) titled 'Mechanics Of Metaphysics', dated 1987-10-04. Catalogued from a fan-archived recording on archive.org; no official synopsis was located on a fetched page, so only the title and date are recorded here.",https://archive.org/details/bashar-1987-10-04-mechanics-of-metaphysics-1987
1987-10-08,Consensus Reality,,live session,"Early-era Bashar channeling session (audio recording) titled 'Consensus Reality', dated 1987-10-08. Catalogued from a fan-archived recording on archive.org; no official synopsis was located on a fetched page, so only the title and date are recorded here.",https://archive.org/details/bashar-1987-10-08-consensus-reality
1987-10-15,Nothing At All,,live session,"Early-era Bashar channeling session (audio recording) titled 'Nothing At All', dated 1987-10-15. Catalogued from a fan-archived recording on archive.org; no official synopsis was located on a fetched page, so only the title and date are recorded here.",https://archive.org/details/bashar-1987-10-15-nothing-at-all
1987-10-22,The Sound,,live session,"Early-era Bashar channeling session (audio recording) titled 'The Sound', dated 1987-10-22. Catalogued from a fan-archived recording on archive.org; no official synopsis was located on a fetched page, so only the title and date are recorded here.",https://archive.org/details/bashar-1987-10-22-the-sound
1987-10-27,Validity,,live session,"Early-era Bashar channeling session (audio recording) titled 'Validity', dated 1987-10-27. Catalogued from a fan-archived recording on archive.org; no official synopsis was located on a fetched page, so only the title and date are recorded here.",https://archive.org/details/bashar-1987-10-27-validity
1987-10-29,Ghost Story,,live session,"Early-era Bashar channeling session (audio recording) titled 'Ghost Story', dated 1987-10-29. Catalogued from a fan-archived recording on archive.org; no official synopsis was located on a fetched page, so only the title and date are recorded here.",https://archive.org/details/bashar-ghost-story-1987-10-29
1987-11-12,Foreign Relations,,live session,"Early-era Bashar channeling session (audio recording) titled 'Foreign Relations', dated 1987-11-12. Catalogued from a fan-archived recording on archive.org; no official synopsis was located on a fetched page, so only the title and date are recorded here.",https://archive.org/details/bashar-1987-11-12-foreign-relations
1987-11-14,Convictions,,live session,"Early-era Bashar channeling session (audio recording) titled 'Convictions', dated 1987-11-14. Catalogued from a fan-archived recording on archive.org; no official synopsis was located on a fetched page, so only the title and date are recorded here.",https://archive.org/details/bashar-1987-11-14-convictions
1987-11-16,Crystals And Electromagnetism,,live session,"Early-era Bashar channeling session (audio recording) titled 'Crystals And Electromagnetism', dated 1987-11-16. Catalogued from a fan-archived recording on archive.org; no official synopsis was located on a fetched page, so only the title and date are recorded here.",https://archive.org/details/bashar-1987-11-16-crystals-and-electromagnetism
1987-11-17,Theology Class,,live session,"Early-era Bashar channeling session (audio recording) titled 'Theology Class', dated 1987-11-17. Catalogued from a fan-archived recording on archive.org; no official synopsis was located on a fetched page, so only the title and date are recorded here.",https://archive.org/details/bashar-1987-11-17-theology-class
1987-11-19,Let's Get Sirius,,live session,"Early-era Bashar channeling session (audio recording) titled 'Let's Get Sirius', dated 1987-11-19. Catalogued from a fan-archived recording on archive.org; no official synopsis was located on a fetched page, so only the title and date are recorded here.",https://archive.org/details/bashar-lets-get-sirius-1987-11-19
1987-11-24,Synchronicity And Meaning,,live session,"Early-era Bashar channeling session (audio recording) titled 'Synchronicity And Meaning', dated 1987-11-24. Catalogued from a fan-archived recording on archive.org; no official synopsis was located on a fetched page, so only the title and date are recorded here.",https://archive.org/details/bashar-1987-11-24-synchronicity-and-meaning
1987-12-03,Peace Clock,,live session,"Early-era Bashar channeling session (audio recording) titled 'Peace Clock', dated 1987-12-03. Catalogued from a fan-archived recording on archive.org; no official synopsis was located on a fetched page, so only the title and date are recorded here.",https://archive.org/details/bashar-1987-12-03-peace-clock
1987-12-10,Unfoldment Of Persona,,live session,"Early-era Bashar channeling session (audio recording) titled 'Unfoldment Of Persona', dated 1987-12-10. Catalogued from a fan-archived recording on archive.org; no official synopsis was located on a fetched page, so only the title and date are recorded here.",https://archive.org/details/bashar-1987-12-10-unfoldment-of-persona
1987-12-11,Bay Area Avatar Group,"San Francisco Bay Area, California",live session,"Early-era Bashar channeling session (audio recording) titled 'Bay Area Avatar Group', dated 1987-12-11. Catalogued from a fan-archived recording on archive.org; no official synopsis was located on a fetched page, so only the title and date are recorded here.",https://archive.org/details/bashar-1987-12-11-bay-area-avatar-group
1987-12-17,The Neighborhood,,live session,"Early-era Bashar channeling session (audio recording) titled 'The Neighborhood', dated 1987-12-17. Catalogued from a fan-archived recording on archive.org; no official synopsis was located on a fetched page, so only the title and date are recorded here.",https://archive.org/details/bashar-the-neighborhood-1987-12-17
1987-12-24,Christmas Bells,,live session,"Early-era Bashar channeling session (audio recording) titled 'Christmas Bells', dated 1987-12-24. Catalogued from a fan-archived recording on archive.org; no official synopsis was located on a fetched page, so only the title and date are recorded here.",https://archive.org/details/bashar-1987-12-24-christmas-bells
1988-01-07,Self Awareness,,live session,"Early-era Bashar channeling session (audio recording) titled 'Self Awareness', dated 1988-01-07. Catalogued from a fan-archived recording on archive.org; no official synopsis was located on a fetched page, so only the title and date are recorded here.",https://archive.org/details/bashar-self-awareness-1988-01-07
1988-01-09,Meeting In San Mateo,"San Mateo, California",live session,"Early-era Bashar channeling session (audio recording) titled 'Meeting In San Mateo', dated 1988-01-09. Catalogued from a fan-archived recording on archive.org; no official synopsis was located on a fetched page, so only the title and date are recorded here.",https://archive.org/details/bashar-1988-01-09-meeting-in-san-mateo
1988-01-14,Grounding,,live session,"Early-era Bashar channeling session (audio recording) titled 'Grounding', dated 1988-01-14. Catalogued from a fan-archived recording on archive.org; no official synopsis was located on a fetched page, so only the title and date are recorded here.",https://archive.org/details/bashar-grounding-1988-01-14
1988-01-18,Inspiration And Individual Impact,,live session,"Early-era Bashar channeling session (audio recording) titled 'Inspiration And Individual Impact', dated 1988-01-18. Catalogued from a fan-archived recording on archive.org; no official synopsis was located on a fetched page, so only the title and date are recorded here.",https://archive.org/details/bashar-1988-01-18-inspiration-and-individual-impact
1988-01-19,Points Of View,,live session,"Early-era Bashar channeling session (audio recording) titled 'Points Of View', dated 1988-01-19. Catalogued from a fan-archived recording on archive.org; no official synopsis was located on a fetched page, so only the title and date are recorded here.",https://archive.org/details/bashar-1988-01-19-points-of-view
1988-01-21,Planetary Midwife,,live session,"Early-era Bashar channeling session (audio recording) titled 'Planetary Midwife', dated 1988-01-21. Catalogued from a fan-archived recording on archive.org; no official synopsis was located on a fetched page, so only the title and date are recorded here.",https://archive.org/details/bashar-1988-01-21-planetary-midwife
1988-01-28,Overcoming Inertia,,live session,"Early-era Bashar channeling session (audio recording) titled 'Overcoming Inertia', dated 1988-01-28. Catalogued from a fan-archived recording on archive.org; no official synopsis was located on a fetched page, so only the title and date are recorded here.",https://archive.org/details/bashar-1988-01-28-overcoming-inertia
1988-01-30,Made Of Ecstasy,,live session,"Early-era Bashar channeling session (audio recording) titled 'Made Of Ecstasy', dated 1988-01-30. Catalogued from a fan-archived recording on archive.org; no official synopsis was located on a fetched page, so only the title and date are recorded here.",https://archive.org/details/bashar-1988-01-30-made-of-ecstasy
1988-02-04,Acting It Out,,live session,"Early-era Bashar channeling session (audio recording) titled 'Acting It Out', dated 1988-02-04. Catalogued from a fan-archived recording on archive.org; no official synopsis was located on a fetched page, so only the title and date are recorded here.",https://archive.org/details/bashar-1988-02-04-acting-it-out
1988-02-11,The Cleansing Flame,,live session,"Early-era Bashar channeling session (audio recording) titled 'The Cleansing Flame', dated 1988-02-11. Catalogued from a fan-archived recording on archive.org; no official synopsis was located on a fetched page, so only the title and date are recorded here.",https://archive.org/details/bashar-the-cleansing-flame-1988-02-11
1988-02-18,The Legacy,,live session,"Early-era Bashar channeling session (audio recording) titled 'The Legacy', dated 1988-02-18. Catalogued from a fan-archived recording on archive.org; no official synopsis was located on a fetched page, so only the title and date are recorded here.",https://archive.org/details/bashar-the-legacy-1988-02-18
1988-03-05,Release of Emotions and Evolution of Consciousness (Japan),Japan,live session,"Early-era Bashar channeling session (audio recording) titled 'Release of Emotions and Evolution of Consciousness (Japan)', dated 1988-03-05. Catalogued from a fan-archived recording on archive.org; no official synopsis was located on a fetched page, so only the title and date are recorded here.",https://archive.org/details/bashar-release-of-emotions-and-evolution-of-consciousness-japan-1988-03-05
1988-03-13,Vision and Creativity (Japan),Japan,live session,"Early-era Bashar channeling session (audio recording) titled 'Vision and Creativity (Japan)', dated 1988-03-13. Catalogued from a fan-archived recording on archive.org; no official synopsis was located on a fetched page, so only the title and date are recorded here.",https://archive.org/details/bashar-vision-and-creativity-japan-1988-03-13
1988-03-14,Creative Relationship (Japan),Japan,live session,"Early-era Bashar channeling session (audio recording) titled 'Creative Relationship (Japan)', dated 1988-03-14. Catalogued from a fan-archived recording on archive.org; no official synopsis was located on a fetched page, so only the title and date are recorded here.",https://archive.org/details/bashar-creative-relationship-japan-1988-03-14
1988-04-10,Persona Reconstruction,,live session,"Early-era Bashar channeling session (audio recording) titled 'Persona Reconstruction', dated 1988-04-10. Catalogued from a fan-archived recording on archive.org; no official synopsis was located on a fetched page, so only the title and date are recorded here.",https://archive.org/details/bashar-persona-reconstruction-1988-04-10
1988-05-12,World Religion Class,,live session,"Early-era Bashar channeling session (audio recording) titled 'World Religion Class', dated 1988-05-12. Catalogued from a fan-archived recording on archive.org; no official synopsis was located on a fetched page, so only the title and date are recorded here.",https://archive.org/details/bashar-1988-05-12-world-religion-class
1988-05-22,Recreate Your Reality,,live session,"Early-era Bashar channeling session (audio recording) titled 'Recreate Your Reality', dated 1988-05-22. Catalogued from a fan-archived recording on archive.org; no official synopsis was located on a fetched page, so only the title and date are recorded here.",https://archive.org/details/bashar-1988-05-22-recreate-your-reality
1988-07-05,Future Memory,,live session,"Early-era Bashar channeling session (audio recording) titled 'Future Memory', dated 1988-07-05. Catalogued from a fan-archived recording on archive.org; no official synopsis was located on a fetched page, so only the title and date are recorded here.",https://archive.org/details/bashar-future-memory-1988-07-05
1988-08-01,The Illusion of Power,,live session,"Early-era Bashar channeling session (audio recording) titled 'The Illusion of Power', dated 1988-08-01. Catalogued from a fan-archived recording on archive.org; no official synopsis was located on a fetched page, so only the title and date are recorded here.",https://archive.org/details/bashar-the-illusion-of-power-1988-08-01
1988-08-02,Redefining Dogma,,live session,"Early-era Bashar channeling session (audio recording) titled 'Redefining Dogma', dated 1988-08-02. Catalogued from a fan-archived recording on archive.org; no official synopsis was located on a fetched page, so only the title and date are recorded here.",https://archive.org/details/bashar-redefining-dogma-1988-08-02
1988-08-29,Perseverance,,live session,"Early-era Bashar channeling session (audio recording) titled 'Perseverance', dated 1988-08-29. Catalogued from a fan-archived recording on archive.org; no official synopsis was located on a fetched page, so only the title and date are recorded here.",https://archive.org/details/bashar-perseverance-1988-08-29
1988-09-06,The Limbo State,,live session,"Early-era Bashar channeling session (audio recording) titled 'The Limbo State', dated 1988-09-06. Catalogued from a fan-archived recording on archive.org; no official synopsis was located on a fetched page, so only the title and date are recorded here.",https://archive.org/details/bashar-the-limbo-state-1988-09-06
1988-10-04,Summation 1,,live session,"Early-era Bashar channeling session (audio recording) titled 'Summation 1', dated 1988-10-04. Catalogued from a fan-archived recording on archive.org; no official synopsis was located on a fetched page, so only the title and date are recorded here.",https://archive.org/details/bashar-1988-10-04-summation-1
1988-11-01,Summation 2 God Seeds,,live session,"Early-era Bashar channeling session (audio recording) titled 'Summation 2 God Seeds', dated 1988-11-01. Catalogued from a fan-archived recording on archive.org; no official synopsis was located on a fetched page, so only the title and date are recorded here.",https://archive.org/details/bashar-1988-11-01-summation-2-god-seeds
1988-12-06,Summation 3,,live session,"Early-era Bashar channeling session (audio recording) titled 'Summation 3', dated 1988-12-06. Catalogued from a fan-archived recording on archive.org; no official synopsis was located on a fetched page, so only the title and date are recorded here.",https://archive.org/details/bashar-1988-12-06-summation-3
1989-02-20,Tools for Success,,live session,"Early-era Bashar channeling session (audio recording) titled 'Tools for Success', dated 1989-02-20. Catalogued from a fan-archived recording on archive.org; no official synopsis was located on a fetched page, so only the title and date are recorded here.",https://archive.org/details/bashar-tools-for-success-1989-02-20
1989-07-23,Healing Of All Disease,,live session,"Early-era Bashar channeling session (audio recording) titled 'Healing Of All Disease', dated 1989-07-23. Catalogued from a fan-archived recording on archive.org; no official synopsis was located on a fetched page, so only the title and date are recorded here.",https://archive.org/details/bashar-1989-07-23-healing-of-all-disease
1989-11-19,The Agenda: Whole Life,,live session,"Early-era Bashar channeling session (audio recording) titled 'The Agenda: Whole Life', dated 1989-11-19. Catalogued from a fan-archived recording on archive.org; no official synopsis was located on a fetched page, so only the title and date are recorded here.",https://archive.org/details/bashar-the-agenda-whole-life-1989-11-19
1990-05-28,1 3 5 No Risk Formula,,live session,"Early-era Bashar channeling session (audio recording) titled '1 3 5 No Risk Formula', dated 1990-05-28. Catalogued from a fan-archived recording on archive.org; no official synopsis was located on a fetched page, so only the title and date are recorded here.",https://archive.org/details/bashar-1-3-5-no-risk-formula-1990-05-28
1990-12-16,Transformers,,live session,"Early-era Bashar channeling session (audio recording) titled 'Transformers', dated 1990-12-16. Catalogued from a fan-archived recording on archive.org; no official synopsis was located on a fetched page, so only the title and date are recorded here.",https://archive.org/details/bashar-1990-12-16-transformers
1991-01-13,Nature Of Nature,,live session,"Early-era Bashar channeling session (audio recording) titled 'Nature Of Nature', dated 1991-01-13. Catalogued from a fan-archived recording on archive.org; no official synopsis was located on a fetched page, so only the title and date are recorded here.",https://archive.org/details/bashar-1991-01-13-nature-of-nature
1991-03-24,Invisible And Visible Things (Japan),Japan,live session,"Early-era Bashar channeling session (audio recording) titled 'Invisible And Visible Things (Japan)', dated 1991-03-24. Catalogued from a fan-archived recording on archive.org; no official synopsis was located on a fetched page, so only the title and date are recorded here.",https://archive.org/details/bashar-1991-03-24-invisible-and-visible-things-jap
1991-04-06,Healing The World (Japan),Japan,live session,"Early-era Bashar channeling session (audio recording) titled 'Healing The World (Japan)', dated 1991-04-06. Catalogued from a fan-archived recording on archive.org; no official synopsis was located on a fetched page, so only the title and date are recorded here.",https://archive.org/details/bashar-1991-04-06-healing-the-world-jap
1991-04-06,The Three Absolutes II,,live session,"Early-era Bashar channeling session (audio recording) titled 'The Three Absolutes II', dated 1991-04-06. Catalogued from a fan-archived recording on archive.org; no official synopsis was located on a fetched page, so only the title and date are recorded here.",https://archive.org/details/bashar-the-three-absolutes-ii-1991-04-06
1991-06-16,The Stream,,live session,"Early-era Bashar channeling session (audio recording) titled 'The Stream', dated 1991-06-16. Catalogued from a fan-archived recording on archive.org; no official synopsis was located on a fetched page, so only the title and date are recorded here.",https://archive.org/details/bashar-1991-06-16-the-stream
1991-06-22,Earth Changes (private with Kent Babcock),,other,"Early-era Bashar channeling session (audio recording) titled 'Earth Changes (private with Kent Babcock)', dated 1991-06-22. Catalogued from a fan-archived recording on archive.org; no official synopsis was located on a fetched page, so only the title and date are recorded here.",https://archive.org/details/bashar-1991-06-22-earth-changes-private-with-kent-babcock
1991-06-29,Razor's Edge,,live session,"Early-era Bashar channeling session (audio recording) titled 'Razor's Edge', dated 1991-06-29. Catalogued from a fan-archived recording on archive.org; no official synopsis was located on a fetched page, so only the title and date are recorded here.",https://archive.org/details/bashar-1991-06-29-razors-edge
1991-07-14,Space Time Travel,,live session,"Early-era Bashar channeling session (audio recording) titled 'Space Time Travel', dated 1991-07-14. Catalogued from a fan-archived recording on archive.org; no official synopsis was located on a fetched page, so only the title and date are recorded here.",https://archive.org/details/bashar-1991-07-14-space-time-travel
1991-07-28,Be X Static (Ecstatic),,live session,"Early-era Bashar channeling session (audio recording) titled 'Be X Static (Ecstatic)', dated 1991-07-28. Catalogued from a fan-archived recording on archive.org; no official synopsis was located on a fetched page, so only the title and date are recorded here.",https://archive.org/details/bashar-1991-07-28-be-x-static-ecstaticmissing-tape-2
1991-08-11,Shattering Old Patterns,,live session,"Early-era Bashar channeling session (audio recording) titled 'Shattering Old Patterns', dated 1991-08-11. Catalogued from a fan-archived recording on archive.org; no official synopsis was located on a fetched page, so only the title and date are recorded here.",https://archive.org/details/bashar-shattering-old-patterns-1991-08-11
1991-09-01,Tipping The Scales,,live session,"Early-era Bashar channeling session (audio recording) titled 'Tipping The Scales', dated 1991-09-01. Catalogued from a fan-archived recording on archive.org; no official synopsis was located on a fetched page, so only the title and date are recorded here.",https://archive.org/details/bashar-1991-09-01-tipping-the-scales
1991-09-15,Take Action Guides,,live session,"Early-era Bashar channeling session (audio recording) titled 'Take Action Guides', dated 1991-09-15. Catalogued from a fan-archived recording on archive.org; no official synopsis was located on a fetched page, so only the title and date are recorded here.",https://archive.org/details/bashar-1991-09-15-take-action-guides
1991-09-28,Abundance Evolving Times,,live session,"Early-era Bashar channeling session (audio recording) titled 'Abundance Evolving Times', dated 1991-09-28. Catalogued from a fan-archived recording on archive.org; no official synopsis was located on a fetched page, so only the title and date are recorded here.",https://archive.org/details/bashar-1991-09-28-abundance-evolving-times
1991-10-06,Choices And Opportunities,,live session,"Early-era Bashar channeling session (audio recording) titled 'Choices And Opportunities', dated 1991-10-06. Catalogued from a fan-archived recording on archive.org; no official synopsis was located on a fetched page, so only the title and date are recorded here.",https://archive.org/details/bashar-1991-10-06-choices-and-opportunities
1992-01-10,The Three Absolutes,,live session,"Early-era Bashar channeling session (audio recording) titled 'The Three Absolutes', dated 1992-01-10. Catalogued from a fan-archived recording on archive.org; no official synopsis was located on a fetched page, so only the title and date are recorded here.",https://archive.org/details/bashar-the-three-absolutes-1992-01-10
1992-02-13,Mechanics Of Metaphysics,,live session,"Early-era Bashar channeling session (audio recording) titled 'Mechanics Of Metaphysics', dated 1992-02-13. Catalogued from a fan-archived recording on archive.org; no official synopsis was located on a fetched page, so only the title and date are recorded here.",https://archive.org/details/bashar-1992-02-13-mechanics-of-metaphysics
1992-03-13,Letting Go and Abundance,,live session,"Early-era Bashar channeling session (audio recording) titled 'Letting Go and Abundance', dated 1992-03-13. Catalogued from a fan-archived recording on archive.org; no official synopsis was located on a fetched page, so only the title and date are recorded here.",https://archive.org/details/bashar-letting-go-and-abundance-1992-03-13
1992-04-25,Higher Self,,live session,"Early-era Bashar channeling session (audio recording) titled 'Higher Self', dated 1992-04-25. Catalogued from a fan-archived recording on archive.org; no official synopsis was located on a fetched page, so only the title and date are recorded here.",https://archive.org/details/bashar-higher-self-1992-04-25
1992-05-09,Earth History 101,,live session,"Early-era Bashar channeling session (audio recording) titled 'Earth History 101', dated 1992-05-09. Catalogued from a fan-archived recording on archive.org; no official synopsis was located on a fetched page, so only the title and date are recorded here.",https://archive.org/details/bashar-1992-05-09-earth-history-101
1992-05-31,Keys of Ascension Workshop,,workshop,"Early-era Bashar channeling session (audio recording) titled 'Keys of Ascension Workshop', dated 1992-05-31. Catalogued from a fan-archived recording on archive.org; no official synopsis was located on a fetched page, so only the title and date are recorded here.",https://archive.org/details/bashar-keys-of-ascension-workshop-1992-05-31
1992-07-07,Electro-Magnetheric Geography,,live session,"Early-era Bashar channeling session (audio recording) titled 'Electro-Magnetheric Geography', dated 1992-07-07. Catalogued from a fan-archived recording on archive.org; no official synopsis was located on a fetched page, so only the title and date are recorded here.",https://archive.org/details/bashar-electro-magnetheric-geography-1992-07-7
1992-09-22,Application,,live session,"Early-era Bashar channeling session (audio recording) titled 'Application', dated 1992-09-22. Catalogued from a fan-archived recording on archive.org; no official synopsis was located on a fetched page, so only the title and date are recorded here.",https://archive.org/details/bashar-1992-09-22-application
1992-09-25,Perth Esplanade,"Perth, Australia",live session,"Early-era Bashar channeling session (audio recording) titled 'Perth Esplanade', dated 1992-09-25. Catalogued from a fan-archived recording on archive.org; no official synopsis was located on a fetched page, so only the title and date are recorded here.",https://archive.org/details/bashar-1992-09-25-perth-esplanade
1992-09-26,Perth Kings Ambassador,"Perth, Australia",live session,"Early-era Bashar channeling session (audio recording) titled 'Perth Kings Ambassador', dated 1992-09-26. Catalogued from a fan-archived recording on archive.org; no official synopsis was located on a fetched page, so only the title and date are recorded here.",https://archive.org/details/bashar-1992-09-26-perth-kings-ambassador
1992-09-27,Perth Workshop,"Perth, Australia",workshop,"Early-era Bashar channeling session (audio recording) titled 'Perth Workshop', dated 1992-09-27. Catalogued from a fan-archived recording on archive.org; no official synopsis was located on a fetched page, so only the title and date are recorded here.",https://archive.org/details/bashar-1992-09-27-perth-workshop
1992-11-30,Channeling Conference 1,,conference,"Early-era Bashar channeling session (audio recording) titled 'Channeling Conference 1', dated 1992-11-30. Catalogued from a fan-archived recording on archive.org; no official synopsis was located on a fetched page, so only the title and date are recorded here.",https://archive.org/details/bashar-1992-11-30a-channeling-conference-1
1992-12-01,Channeling Conference 2 Q&A (Japan),Japan,conference,"Early-era Bashar channeling session (audio recording) titled 'Channeling Conference 2 Q&A (Japan)', dated 1992-12-01. Catalogued from a fan-archived recording on archive.org; no official synopsis was located on a fetched page, so only the title and date are recorded here.",https://archive.org/details/bashar-1992-12-01b-channeling-conference-2-q-a-jap
1992-12-03,Private Session At Great Pyramid,"Great Pyramid, Egypt",other,"Early-era Bashar channeling session (audio recording) titled 'Private Session At Great Pyramid', dated 1992-12-03. Catalogued from a fan-archived recording on archive.org; no official synopsis was located on a fetched page, so only the title and date are recorded here.",https://archive.org/details/bashar-1992-12-03-andrew-s.-private-session-2-at-great-pyramid
1992-12-27,Private Group In Santa Fe,"Santa Fe, New Mexico",other,"Early-era Bashar channeling session (audio recording) titled 'Private Group In Santa Fe', dated 1992-12-27. Catalogued from a fan-archived recording on archive.org; no official synopsis was located on a fetched page, so only the title and date are recorded here.",https://archive.org/details/bashar-1992-12-27-private-group-in-santa-fe
1994-06-24,Hoova,,live session,"Early-era Bashar channeling session (audio recording) titled 'Hoova', dated 1994-06-24. Catalogued from a fan-archived recording on archive.org; no official synopsis was located on a fetched page, so only the title and date are recorded here.",https://archive.org/details/bashar-hoova-1994-06-24
1995-01-07,Stretching Your Limits,,live session,"Early-era Bashar channeling session (audio recording) titled 'Stretching Your Limits', dated 1995-01-07. Catalogued from a fan-archived recording on archive.org; no official synopsis was located on a fetched page, so only the title and date are recorded here.",https://archive.org/details/bashar-1995-01-07-stretching-your-limits
1995-02-11,Prime Radiant (aka God Particle),,live session,"Early-era Bashar channeling session (audio recording) titled 'Prime Radiant (aka God Particle)', dated 1995-02-11. Catalogued from a fan-archived recording on archive.org; no official synopsis was located on a fetched page, so only the title and date are recorded here.",https://archive.org/details/bashar-prime-radiant-aka-god-particle-1995-02-11
1995-05-13,Believing is Seeing,,live session,"Early-era Bashar channeling session (audio recording) titled 'Believing is Seeing', dated 1995-05-13. Catalogued from a fan-archived recording on archive.org; no official synopsis was located on a fetched page, so only the title and date are recorded here.",https://archive.org/details/bashar-believing-is-seeing-1995-05-13
1995-07-15,Everyday Miracles,,live session,"Early-era Bashar channeling session (audio recording) titled 'Everyday Miracles', dated 1995-07-15. Catalogued from a fan-archived recording on archive.org; no official synopsis was located on a fetched page, so only the title and date are recorded here.",https://archive.org/details/bashar-1995-07-15-everyday-miracles
1995-08-12,Monatomics White Powder Gold,,live session,"Early-era Bashar channeling session (audio recording) titled 'Monatomics White Powder Gold', dated 1995-08-12. Catalogued from a fan-archived recording on archive.org; no official synopsis was located on a fetched page, so only the title and date are recorded here.",https://archive.org/details/bashar-1995-08-12-monatomics-white-powder-gold
1995-08-19,Seven Sequential Steps Of Manifestation,,live session,"Early-era Bashar channeling session (audio recording) titled 'Seven Sequential Steps Of Manifestation', dated 1995-08-19. Catalogued from a fan-archived recording on archive.org; no official synopsis was located on a fetched page, so only the title and date are recorded here.",https://archive.org/details/bashar-1995-08-19-seven-sequential-steps-of-manifestation
1995-10-13,Transformation and Change,,live session,"Early-era Bashar channeling session (audio recording) titled 'Transformation and Change', dated 1995-10-13. Catalogued from a fan-archived recording on archive.org; no official synopsis was located on a fetched page, so only the title and date are recorded here.",https://archive.org/details/bashar-transformation-and-change-1995-10-13
1995-10-21,Telepathy,,live session,"Early-era Bashar channeling session (audio recording) titled 'Telepathy', dated 1995-10-21. Catalogued from a fan-archived recording on archive.org; no official synopsis was located on a fetched page, so only the title and date are recorded here.",https://archive.org/details/bashar-1995-10-21-telepathy
1995-10-27,The Unknown as Friend,,live session,"Early-era Bashar channeling session (audio recording) titled 'The Unknown as Friend', dated 1995-10-27. Catalogued from a fan-archived recording on archive.org; no official synopsis was located on a fetched page, so only the title and date are recorded here.",https://archive.org/details/bashar-the-unknown-as-friend-1995-10-27
1995-11-14,Missile of Anger,,live session,"Early-era Bashar channeling session (audio recording) titled 'Missile of Anger', dated 1995-11-14. Catalogued from a fan-archived recording on archive.org; no official synopsis was located on a fetched page, so only the title and date are recorded here.",https://archive.org/details/bashar-missile-of-anger-1995-11-14
1995-12-01,Intention Action Lack Of Expectations,,live session,"Early-era Bashar channeling session (audio recording) titled 'Intention Action Lack Of Expectations', dated 1995-12-01. Catalogued from a fan-archived recording on archive.org; no official synopsis was located on a fetched page, so only the title and date are recorded here.",https://archive.org/details/bashar-1995-12-01-intention-action-lack-of-expectations
1995-12-02,Manifesting Dreams,,live session,"Early-era Bashar channeling session (audio recording) titled 'Manifesting Dreams', dated 1995-12-02. Catalogued from a fan-archived recording on archive.org; no official synopsis was located on a fetched page, so only the title and date are recorded here.",https://archive.org/details/bashar-1995-12-02-manifesting-dreams
1995-12-09,Three Steps Of Manifesting,,live session,"Early-era Bashar channeling session (audio recording) titled 'Three Steps Of Manifesting', dated 1995-12-09. Catalogued from a fan-archived recording on archive.org; no official synopsis was located on a fetched page, so only the title and date are recorded here.",https://archive.org/details/bashar-1995-12-09-three-steps-of-manifesting
1996-01-12,Martians,,live session,"Early-era Bashar channeling session (audio recording) titled 'Martians', dated 1996-01-12. Catalogued from a fan-archived recording on archive.org; no official synopsis was located on a fetched page, so only the title and date are recorded here.",https://archive.org/details/bashar-martians-1996-01-12
1996-01-13,Year Of Guardianship,,live session,"Early-era Bashar channeling session (audio recording) titled 'Year Of Guardianship', dated 1996-01-13. Catalogued from a fan-archived recording on archive.org; no official synopsis was located on a fetched page, so only the title and date are recorded here.",https://archive.org/details/bashar-1996-01-13-year-of-guardianship
1996-02-17,Changing Your Life,,live session,"Early-era Bashar channeling session (audio recording) titled 'Changing Your Life', dated 1996-02-17. Catalogued from a fan-archived recording on archive.org; no official synopsis was located on a fetched page, so only the title and date are recorded here.",https://archive.org/details/bashar-1996-02-17-changing-your-life
1996-03-02,Being the Experience,,live session,"Early-era Bashar channeling session (audio recording) titled 'Being the Experience', dated 1996-03-02. Catalogued from a fan-archived recording on archive.org; no official synopsis was located on a fetched page, so only the title and date are recorded here.",https://archive.org/details/bashar-being-the-experience-1996-03-02
1996-03-15,Seeing What You Already Have,,live session,"Early-era Bashar channeling session (audio recording) titled 'Seeing What You Already Have', dated 1996-03-15. Catalogued from a fan-archived recording on archive.org; no official synopsis was located on a fetched page, so only the title and date are recorded here.",https://archive.org/details/bashar-seeing-what-you-already-have-1996-03-15
1996-03-29,Bones of God,,live session,"Early-era Bashar channeling session (audio recording) titled 'Bones of God', dated 1996-03-29. Catalogued from a fan-archived recording on archive.org; no official synopsis was located on a fetched page, so only the title and date are recorded here.",https://archive.org/details/bashar-bones-of-god-1996-03-29
1996-05-18,Remembering Who You Are,,live session,"Early-era Bashar channeling session (audio recording) titled 'Remembering Who You Are', dated 1996-05-18. Catalogued from a fan-archived recording on archive.org; no official synopsis was located on a fetched page, so only the title and date are recorded here.",https://archive.org/details/bashar-1996-05-18-remembering-who-you-are
1996-06-08,Life Is But A Dream,,live session,"Early-era Bashar channeling session (audio recording) titled 'Life Is But A Dream', dated 1996-06-08. Catalogued from a fan-archived recording on archive.org; no official synopsis was located on a fetched page, so only the title and date are recorded here.",https://archive.org/details/bashar-1996-06-08-life-is-but-a-dream
1996-07-27,Crop Circle Symposium,,conference,"Early-era Bashar channeling session (audio recording) titled 'Crop Circle Symposium', dated 1996-07-27. Catalogued from a fan-archived recording on archive.org; no official synopsis was located on a fetched page, so only the title and date are recorded here.",https://archive.org/details/bashar-1996-07-27-crop-circle-symposium
1996-08-09,Eye of the Needle,,live session,"Early-era Bashar channeling session (audio recording) titled 'Eye of the Needle', dated 1996-08-09. Catalogued from a fan-archived recording on archive.org; no official synopsis was located on a fetched page, so only the title and date are recorded here.",https://archive.org/details/bashar-eye-of-the-needle-1996-08-09
1996-08-17,Acceleration Of 1997,,live session,"Early-era Bashar channeling session (audio recording) titled 'Acceleration Of 1997', dated 1996-08-17. Catalogued from a fan-archived recording on archive.org; no official synopsis was located on a fetched page, so only the title and date are recorded here.",https://archive.org/details/bashar-1996-08-17-acceleration-of-1997
1996-08-30,Hammer of Fear,,live session,"Early-era Bashar channeling session (audio recording) titled 'Hammer of Fear', dated 1996-08-30. Catalogued from a fan-archived recording on archive.org; no official synopsis was located on a fetched page, so only the title and date are recorded here.",https://archive.org/details/bashar-hammer-of-fear-1996-08-30
1996-09-13,Friday the 13th,,live session,"Early-era Bashar channeling session (audio recording) titled 'Friday the 13th', dated 1996-09-13. Catalogued from a fan-archived recording on archive.org; no official synopsis was located on a fetched page, so only the title and date are recorded here.",https://archive.org/details/bashar-friday-the-13th-1996-09-13
1996-09-21,Achieving Perfect Health,,live session,"Early-era Bashar channeling session (audio recording) titled 'Achieving Perfect Health', dated 1996-09-21. Catalogued from a fan-archived recording on archive.org; no official synopsis was located on a fetched page, so only the title and date are recorded here.",https://archive.org/details/bashar-achieving-perfect-health-1996-09-21
1996-10-26,That's The Spirit,,live session,"Early-era Bashar channeling session (audio recording) titled 'That's The Spirit', dated 1996-10-26. Catalogued from a fan-archived recording on archive.org; no official synopsis was located on a fetched page, so only the title and date are recorded here.",https://archive.org/details/bashar-1996-10-26-thats-the-spirit
1996-11-09,Fundamentals,,live session,"Early-era Bashar channeling session (audio recording) titled 'Fundamentals', dated 1996-11-09. Catalogued from a fan-archived recording on archive.org; no official synopsis was located on a fetched page, so only the title and date are recorded here.",https://archive.org/details/bashar-fundamentals-1996-11-09
1996-11-10,Star Conference Fundamentals,,conference,"Early-era Bashar channeling session (audio recording) titled 'Star Conference Fundamentals', dated 1996-11-10. Catalogued from a fan-archived recording on archive.org; no official synopsis was located on a fetched page, so only the title and date are recorded here.",https://archive.org/details/bashar-1996-11-10-star-conference-fundamentals
1996-11-22,Creative Tap,,live session,"Early-era Bashar channeling session (audio recording) titled 'Creative Tap', dated 1996-11-22. Catalogued from a fan-archived recording on archive.org; no official synopsis was located on a fetched page, so only the title and date are recorded here.",https://archive.org/details/bashar-1996-11-22-creative-tap
1996-11-23,The Council of Nine Codex,,live session,"Early-era Bashar channeling session (audio recording) titled 'The Council of Nine Codex', dated 1996-11-23. Catalogued from a fan-archived recording on archive.org; no official synopsis was located on a fetched page, so only the title and date are recorded here.",https://archive.org/details/bashar-the-council-of-nine-codex-1996-11-23
1996-12-06,Making Choices,,live session,"Early-era Bashar channeling session (audio recording) titled 'Making Choices', dated 1996-12-06. Catalogued from a fan-archived recording on archive.org; no official synopsis was located on a fetched page, so only the title and date are recorded here.",https://archive.org/details/bashar-making-choices-1996-12-06
1996-12-12,Chakras And Cycles Of Growth,,live session,"Early-era Bashar channeling session (audio recording) titled 'Chakras And Cycles Of Growth', dated 1996-12-12. Catalogued from a fan-archived recording on archive.org; no official synopsis was located on a fetched page, so only the title and date are recorded here.",https://archive.org/details/bashar-1996-12-12-chakras-and-cycles-of-growth
1996-12-13,The Observer,,live session,"Early-era Bashar channeling session (audio recording) titled 'The Observer', dated 1996-12-13. Catalogued from a fan-archived recording on archive.org; no official synopsis was located on a fetched page, so only the title and date are recorded here.",https://archive.org/details/bashar-1996-12-13-the-observer
1996-12-14,Wizards Hat,,live session,"Early-era Bashar channeling session (audio recording) titled 'Wizards Hat', dated 1996-12-14. Catalogued from a fan-archived recording on archive.org; no official synopsis was located on a fetched page, so only the title and date are recorded here.",https://archive.org/details/bashar-1996-12-14-wizards-hat
1996-12-20,Is There a Santa Claus?,,live session,"Early-era Bashar channeling session (audio recording) titled 'Is There a Santa Claus?', dated 1996-12-20. Catalogued from a fan-archived recording on archive.org; no official synopsis was located on a fetched page, so only the title and date are recorded here.",https://archive.org/details/bashar-is-there-a-santa-clause-1996-12-20
1997-01-10,Animals And Extinction,,live session,"Early-era Bashar channeling session (audio recording) titled 'Animals And Extinction', dated 1997-01-10. Catalogued from a fan-archived recording on archive.org; no official synopsis was located on a fetched page, so only the title and date are recorded here.",https://archive.org/details/bashar-1997-01-10-animals-and-extinction
1997-01-11,Top Secret,,live session,"Early-era Bashar channeling session (audio recording) titled 'Top Secret', dated 1997-01-11. Catalogued from a fan-archived recording on archive.org; no official synopsis was located on a fetched page, so only the title and date are recorded here.",https://archive.org/details/bashar-1997-01-11-top-secret
1997-01-24,Re-Creating Yourself,,live session,"Early-era Bashar channeling session (audio recording) titled 'Re-Creating Yourself', dated 1997-01-24. Catalogued from a fan-archived recording on archive.org; no official synopsis was located on a fetched page, so only the title and date are recorded here.",https://archive.org/details/bashar-re-creating-yourself-1997-01-24
1997-01-31,Opening The Floodgates Of Creativity,,live session,"Early-era Bashar channeling session (audio recording) titled 'Opening The Floodgates Of Creativity', dated 1997-01-31. Catalogued from a fan-archived recording on archive.org; no official synopsis was located on a fetched page, so only the title and date are recorded here.",https://archive.org/details/bashar-1997-01-31-opening-floodgates-of-creativity
1997-02-14,Valentines Day,,live session,"Early-era Bashar channeling session (audio recording) titled 'Valentines Day', dated 1997-02-14. Catalogued from a fan-archived recording on archive.org; no official synopsis was located on a fetched page, so only the title and date are recorded here.",https://archive.org/details/bashar-1997-02-14-valentines-day
1997-02-15,Message From The Greys,,live session,"Early-era Bashar channeling session (audio recording) titled 'Message From The Greys', dated 1997-02-15. Catalogued from a fan-archived recording on archive.org; no official synopsis was located on a fetched page, so only the title and date are recorded here.",https://archive.org/details/bashar-1997-02-15-message-from-the-greys
1997-02-21,Oyster And Polarity Of The Pearl,,live session,"Early-era Bashar channeling session (audio recording) titled 'Oyster And Polarity Of The Pearl', dated 1997-02-21. Catalogued from a fan-archived recording on archive.org; no official synopsis was located on a fetched page, so only the title and date are recorded here.",https://archive.org/details/bashar-1997-02-21-oyster-and-polarity-of-the-pearl
1997-02-28,Sudden Observable Shift,,live session,"Early-era Bashar channeling session (audio recording) titled 'Sudden Observable Shift', dated 1997-02-28. Catalogued from a fan-archived recording on archive.org; no official synopsis was located on a fetched page, so only the title and date are recorded here.",https://archive.org/details/bashar-1997-02-28-sudden-observable-shift
1997-03-14,The Nature of Physical Reality,,live session,"Early-era Bashar channeling session (audio recording) titled 'The Nature of Physical Reality', dated 1997-03-14. Catalogued from a fan-archived recording on archive.org; no official synopsis was located on a fetched page, so only the title and date are recorded here.",https://archive.org/details/bashar-the-nature-of-physical-reality-1997-03-14
1997-03-15,Ides Of March,,live session,"Early-era Bashar channeling session (audio recording) titled 'Ides Of March', dated 1997-03-15. Catalogued from a fan-archived recording on archive.org; no official synopsis was located on a fetched page, so only the title and date are recorded here.",https://archive.org/details/bashar-1997-03-15-ides-of-march
1997-03-16,The Art of Channeling,,live session,"Early-era Bashar channeling session (audio recording) titled 'The Art of Channeling', dated 1997-03-16. Catalogued from a fan-archived recording on archive.org; no official synopsis was located on a fetched page, so only the title and date are recorded here.",https://archive.org/details/bashar-the-art-of-channeling-1997-03-16_202407
1997-03-17,Torah: Arrival of Hale-Bopp Comet,,live session,"Early-era Bashar channeling session (audio recording) titled 'Torah: Arrival of Hale-Bopp Comet', dated 1997-03-17. Catalogued from a fan-archived recording on archive.org; no official synopsis was located on a fetched page, so only the title and date are recorded here.",https://archive.org/details/bashar-torah-arrival-of-hale-bopp-comet-1997-03-17
1997-03-21,You Are an Eternal Being,,live session,"Early-era Bashar channeling session (audio recording) titled 'You Are an Eternal Being', dated 1997-03-21. Catalogued from a fan-archived recording on archive.org; no official synopsis was located on a fetched page, so only the title and date are recorded here.",https://archive.org/details/bashar-you-are-an-eternal-being-1997-03-21
1997-04-04,The Wedge,,live session,"Early-era Bashar channeling session (audio recording) titled 'The Wedge', dated 1997-04-04. Catalogued from a fan-archived recording on archive.org; no official synopsis was located on a fetched page, so only the title and date are recorded here.",https://archive.org/details/bashar-the-wedge-1997-04-04
1997-04-11,Parallel Realities,,live session,"Early-era Bashar channeling session (audio recording) titled 'Parallel Realities', dated 1997-04-11. Catalogued from a fan-archived recording on archive.org; no official synopsis was located on a fetched page, so only the title and date are recorded here.",https://archive.org/details/bashar-parallel-realities-1997-04-11
1997-04-18,Being Your Natural Self,,live session,"Early-era Bashar channeling session (audio recording) titled 'Being Your Natural Self', dated 1997-04-18. Catalogued from a fan-archived recording on archive.org; no official synopsis was located on a fetched page, so only the title and date are recorded here.",https://archive.org/details/bashar-being-your-natural-self-1997-04-18
1997-04-19,Four Laws Of Creation,,live session,"Early-era Bashar channeling session (audio recording) titled 'Four Laws Of Creation', dated 1997-04-19. Catalogued from a fan-archived recording on archive.org; no official synopsis was located on a fetched page, so only the title and date are recorded here.",https://archive.org/details/bashar-1997-04-19-four-laws-of-creation-1997
1997-05-02,Easing The Pain Of Death And Loss,,live session,"Early-era Bashar channeling session (audio recording) titled 'Easing The Pain Of Death And Loss', dated 1997-05-02. Catalogued from a fan-archived recording on archive.org; no official synopsis was located on a fetched page, so only the title and date are recorded here.",https://archive.org/details/bashar-1997-05-02-easing-the-pain-of-death-and-loss
1997-05-09,Tapestry Of Life,,live session,"Early-era Bashar channeling session (audio recording) titled 'Tapestry Of Life', dated 1997-05-09. Catalogued from a fan-archived recording on archive.org; no official synopsis was located on a fetched page, so only the title and date are recorded here.",https://archive.org/details/bashar-1997-05-09-tapestry-of-life
1997-05-16,Change Of Pace,,live session,"Early-era Bashar channeling session (audio recording) titled 'Change Of Pace', dated 1997-05-16. Catalogued from a fan-archived recording on archive.org; no official synopsis was located on a fetched page, so only the title and date are recorded here.",https://archive.org/details/bashar-1997-05-16-change-of-pace
1997-05-17,Engine Of Ascension,,live session,"Early-era Bashar channeling session (audio recording) titled 'Engine Of Ascension', dated 1997-05-17. Catalogued from a fan-archived recording on archive.org; no official synopsis was located on a fetched page, so only the title and date are recorded here.",https://archive.org/details/bashar-1997-05-17-engine-of-ascension
1997-05-23,Metaphysical Misconceptions,,live session,"Early-era Bashar channeling session (audio recording) titled 'Metaphysical Misconceptions', dated 1997-05-23. Catalogued from a fan-archived recording on archive.org; no official synopsis was located on a fetched page, so only the title and date are recorded here.",https://archive.org/details/bashar-metaphysical-misconceptions-1997-05-23
1997-06-13,Breaking The Seals,,live session,"Early-era Bashar channeling session (audio recording) titled 'Breaking The Seals', dated 1997-06-13. Catalogued from a fan-archived recording on archive.org; no official synopsis was located on a fetched page, so only the title and date are recorded here.",https://archive.org/details/bashar-1997-06-13-breaking-the-seals
1997-06-20,Patterns,,live session,"Early-era Bashar channeling session (audio recording) titled 'Patterns', dated 1997-06-20. Catalogued from a fan-archived recording on archive.org; no official synopsis was located on a fetched page, so only the title and date are recorded here.",https://archive.org/details/bashar-1997-06-20-patterns
1997-06-21,Negotiation Resolution,,live session,"Early-era Bashar channeling session (audio recording) titled 'Negotiation Resolution', dated 1997-06-21. Catalogued from a fan-archived recording on archive.org; no official synopsis was located on a fetched page, so only the title and date are recorded here.",https://archive.org/details/bashar-negotiation-resolution-1997-06-21
1997-07-06,Etheric Fauna and the Dragon,,live session,"Early-era Bashar channeling session (audio recording) titled 'Etheric Fauna and the Dragon', dated 1997-07-06. Catalogued from a fan-archived recording on archive.org; no official synopsis was located on a fetched page, so only the title and date are recorded here.",https://archive.org/details/bashar-etheric-fauna-and-the-dragon-1997-07-06
1997-07-11,The Day of Reflection,,live session,"Early-era Bashar channeling session (audio recording) titled 'The Day of Reflection', dated 1997-07-11. Catalogued from a fan-archived recording on archive.org; no official synopsis was located on a fetched page, so only the title and date are recorded here.",https://archive.org/details/bashar-the-day-of-reflection-1997-07-11
1997-07-13,The Tesseract Workshop,,workshop,"Early-era Bashar channeling session (audio recording) titled 'The Tesseract Workshop', dated 1997-07-13. Catalogued from a fan-archived recording on archive.org; no official synopsis was located on a fetched page, so only the title and date are recorded here.",https://archive.org/details/bashar-the-tesseract-workshop-1997-07-13
1997-07-18,Baggage Claim,,live session,"Early-era Bashar channeling session (audio recording) titled 'Baggage Claim', dated 1997-07-18. Catalogued from a fan-archived recording on archive.org; no official synopsis was located on a fetched page, so only the title and date are recorded here.",https://archive.org/details/bashar-1997-07-18-baggage-claim
1997-07-25,Multidimensional Crystal,,live session,"Early-era Bashar channeling session (audio recording) titled 'Multidimensional Crystal', dated 1997-07-25. Catalogued from a fan-archived recording on archive.org; no official synopsis was located on a fetched page, so only the title and date are recorded here.",https://archive.org/details/bashar-1997-07-25-multidimensional-crystal
1997-08-01,Oxymoron,,live session,"Early-era Bashar channeling session (audio recording) titled 'Oxymoron', dated 1997-08-01. Catalogued from a fan-archived recording on archive.org; no official synopsis was located on a fetched page, so only the title and date are recorded here.",https://archive.org/details/bashar-oxymoron-1997-08-01
1997-08-01,Power Of Paradox,,live session,"Early-era Bashar channeling session (audio recording) titled 'Power Of Paradox', dated 1997-08-01. Catalogued from a fan-archived recording on archive.org; no official synopsis was located on a fetched page, so only the title and date are recorded here.",https://archive.org/details/bashar-1997-08-01-power-of-paradox
1997-08-08,Strange And Wonderful Planet,,live session,"Early-era Bashar channeling session (audio recording) titled 'Strange And Wonderful Planet', dated 1997-08-08. Catalogued from a fan-archived recording on archive.org; no official synopsis was located on a fetched page, so only the title and date are recorded here.",https://archive.org/details/bashar-1997-08-08-strange-and-wonderful-planet
1997-08-15,Getting Organized,,live session,"Early-era Bashar channeling session (audio recording) titled 'Getting Organized', dated 1997-08-15. Catalogued from a fan-archived recording on archive.org; no official synopsis was located on a fetched page, so only the title and date are recorded here.",https://archive.org/details/bashar-1997-08-15-getting-organized
1997-08-22,Communication With Higher Consciousness,,live session,"Early-era Bashar channeling session (audio recording) titled 'Communication With Higher Consciousness', dated 1997-08-22. Catalogued from a fan-archived recording on archive.org; no official synopsis was located on a fetched page, so only the title and date are recorded here.",https://archive.org/details/bashar-1997-08-22-communication-with-higher-consciousness
1997-08-29,Spirit Guides,,live session,"Early-era Bashar channeling session (audio recording) titled 'Spirit Guides', dated 1997-08-29. Catalogued from a fan-archived recording on archive.org; no official synopsis was located on a fetched page, so only the title and date are recorded here.",https://archive.org/details/bashar-1997-08-29-spirit-guides
1997-09-05,Passing Of The Baton,,live session,"Early-era Bashar channeling session (audio recording) titled 'Passing Of The Baton', dated 1997-09-05. Catalogued from a fan-archived recording on archive.org; no official synopsis was located on a fetched page, so only the title and date are recorded here.",https://archive.org/details/bashar-1997-09-05-passing-of-the-baton
1997-10-03,Respecting Your Choices,,live session,"Early-era Bashar channeling session (audio recording) titled 'Respecting Your Choices', dated 1997-10-03. Catalogued from a fan-archived recording on archive.org; no official synopsis was located on a fetched page, so only the title and date are recorded here.",https://archive.org/details/bashar-1997-10-03-respecting-your-choices
1997-10-10,Resonance of the Land,,live session,"Early-era Bashar channeling session (audio recording) titled 'Resonance of the Land', dated 1997-10-10. Catalogued from a fan-archived recording on archive.org; no official synopsis was located on a fetched page, so only the title and date are recorded here.",https://archive.org/details/bashar-resonance-of-the-land-1997-10-10
1997-10-17,3D Perspective,,live session,"Early-era Bashar channeling session (audio recording) titled '3D Perspective', dated 1997-10-17. Catalogued from a fan-archived recording on archive.org; no official synopsis was located on a fetched page, so only the title and date are recorded here.",https://archive.org/details/bashar-1997-10-17-3d-perspective
1997-11-21,New Habit,,live session,"Early-era Bashar channeling session (audio recording) titled 'New Habit', dated 1997-11-21. Catalogued from a fan-archived recording on archive.org; no official synopsis was located on a fetched page, so only the title and date are recorded here.",https://archive.org/details/bashar-1997-11-21-new-habit
1997-12-05,Geometric Energy Shells,,live session,"Early-era Bashar channeling session (audio recording) titled 'Geometric Energy Shells', dated 1997-12-05. Catalogued from a fan-archived recording on archive.org; no official synopsis was located on a fetched page, so only the title and date are recorded here.",https://archive.org/details/bashar-1997-12-05-geometric-energy-shells
1997-12-12,Gravity,,live session,"Early-era Bashar channeling session (audio recording) titled 'Gravity', dated 1997-12-12. Catalogued from a fan-archived recording on archive.org; no official synopsis was located on a fetched page, so only the title and date are recorded here.",https://archive.org/details/bashar-1997-12-12-gravity
1997-12-19,Thirty Points Of View,,live session,"Early-era Bashar channeling session (audio recording) titled 'Thirty Points Of View', dated 1997-12-19. Catalogued from a fan-archived recording on archive.org; no official synopsis was located on a fetched page, so only the title and date are recorded here.",https://archive.org/details/bashar-1997-12-19-thirty-points-of-view
1998,Association Business,,live session,"Early-era Bashar channeling session (audio recording) titled 'Association Business', dated 1998. Catalogued from a fan-archived recording on archive.org; no official synopsis was located on a fetched page, so only the title and date are recorded here.",https://archive.org/details/bashar-association-business-1998
1998-01-09,Creative Conflict,,live session,"Early-era Bashar channeling session (audio recording) titled 'Creative Conflict', dated 1998-01-09. Catalogued from a fan-archived recording on archive.org; no official synopsis was located on a fetched page, so only the title and date are recorded here.",https://archive.org/details/bashar-creative-conflict-1998-01-09
1998-01-30,The Eye of the Beholder,,live session,"Early-era Bashar channeling session (audio recording) titled 'The Eye of the Beholder', dated 1998-01-30. Catalogued from a fan-archived recording on archive.org; no official synopsis was located on a fetched page, so only the title and date are recorded here.",https://archive.org/details/bashar-the-eye-of-the-beholder-1998-01-30
1998-02-06,Illumination,,live session,"Early-era Bashar channeling session (audio recording) titled 'Illumination', dated 1998-02-06. Catalogued from a fan-archived recording on archive.org; no official synopsis was located on a fetched page, so only the title and date are recorded here.",https://archive.org/details/bashar-1998-02-06-illumination
1998-02-13,13th Floor,,live session,"Early-era Bashar channeling session (audio recording) titled '13th Floor', dated 1998-02-13. Catalogued from a fan-archived recording on archive.org; no official synopsis was located on a fetched page, so only the title and date are recorded here.",https://archive.org/details/bashar-13th-floor-1998-02-13
1998-03-06,Tides Of March,,live session,"Early-era Bashar channeling session (audio recording) titled 'Tides Of March', dated 1998-03-06. Catalogued from a fan-archived recording on archive.org; no official synopsis was located on a fetched page, so only the title and date are recorded here.",https://archive.org/details/bashar-1998-03-06-tides-of-march
1998-03-13,The Money Workshop,,workshop,"Early-era Bashar channeling session (audio recording) titled 'The Money Workshop', dated 1998-03-13. Catalogued from a fan-archived recording on archive.org; no official synopsis was located on a fetched page, so only the title and date are recorded here.",https://archive.org/details/bashar-the-money-workshop-1998-03-13
1998-03-20,Beyond Belief,,live session,"Early-era Bashar channeling session (audio recording) titled 'Beyond Belief', dated 1998-03-20. Catalogued from a fan-archived recording on archive.org; no official synopsis was located on a fetched page, so only the title and date are recorded here.",https://archive.org/details/bashar-1998-03-20-beyond-belief
1998-04-03,Unlimited Possibilities,,live session,"Early-era Bashar channeling session (audio recording) titled 'Unlimited Possibilities', dated 1998-04-03. Catalogued from a fan-archived recording on archive.org; no official synopsis was located on a fetched page, so only the title and date are recorded here.",https://archive.org/details/bashar-1998-04-03-unlimited-possibilities
1998-04-10,Surrender,,live session,"Early-era Bashar channeling session (audio recording) titled 'Surrender', dated 1998-04-10. Catalogued from a fan-archived recording on archive.org; no official synopsis was located on a fetched page, so only the title and date are recorded here.",https://archive.org/details/bashar-1998-04-10-surrender
1998-04-17,Surrender To Peace,,live session,"Early-era Bashar channeling session (audio recording) titled 'Surrender To Peace', dated 1998-04-17. Catalogued from a fan-archived recording on archive.org; no official synopsis was located on a fetched page, so only the title and date are recorded here.",https://archive.org/details/bashar-1998-04-17-surrender-to-peace
1998-05-02,Creating Your Reality: The Four Laws,,live session,"Early-era Bashar channeling session (audio recording) titled 'Creating Your Reality: The Four Laws', dated 1998-05-02. Catalogued from a fan-archived recording on archive.org; no official synopsis was located on a fetched page, so only the title and date are recorded here.",https://archive.org/details/bashar-creating-your-reality-the-four-laws-1998-05-02
1998-05-29,Purring,,live session,"Early-era Bashar channeling session (audio recording) titled 'Purring', dated 1998-05-29. Catalogued from a fan-archived recording on archive.org; no official synopsis was located on a fetched page, so only the title and date are recorded here.",https://archive.org/details/bashar-1998-05-29-purring
1998-06-07,A Time Of Change,,live session,"Early-era Bashar channeling session (audio recording) titled 'A Time Of Change', dated 1998-06-07. Catalogued from a fan-archived recording on archive.org; no official synopsis was located on a fetched page, so only the title and date are recorded here.",https://archive.org/details/bashar-1998-06-07-time-of-change
1998-06-12,Fourth Density Balancing Act,,live session,"Early-era Bashar channeling session (audio recording) titled 'Fourth Density Balancing Act', dated 1998-06-12. Catalogued from a fan-archived recording on archive.org; no official synopsis was located on a fetched page, so only the title and date are recorded here.",https://archive.org/details/bashar-1998-06-12-fourth-density-balancing-act
1998-07-10,"Denial, Separation and Projection",,live session,"Early-era Bashar channeling session (audio recording) titled 'Denial, Separation and Projection', dated 1998-07-10. Catalogued from a fan-archived recording on archive.org; no official synopsis was located on a fetched page, so only the title and date are recorded here.",https://archive.org/details/bashar-denial-separation-and-projection-1998-07-10
1998-07-10,The End of Times,,live session,"Early-era Bashar channeling session (audio recording) titled 'The End of Times', dated 1998-07-10. Catalogued from a fan-archived recording on archive.org; no official synopsis was located on a fetched page, so only the title and date are recorded here.",https://archive.org/details/bashar-end-of-times-1998-07-10
1998-08-07,Diving into the Unknown,,live session,"Early-era Bashar channeling session (audio recording) titled 'Diving into the Unknown', dated 1998-08-07. Catalogued from a fan-archived recording on archive.org; no official synopsis was located on a fetched page, so only the title and date are recorded here.",https://archive.org/details/bashar-diving-into-the-unknown-1998-08-07
2002-06-15,The Paradox of Unity,,live session,"Bashar channeling session titled 'The Paradox of Unity', dated 2002-06-15. Catalogued from a fan-archived recording on archive.org; no official synopsis was located on a fetched page, so only the title and date are recorded here.",https://archive.org/details/bashar-the-paradox-of-unity-2002-06-15
2002-06-16,Our Future in the 21st Century (Japan),Japan,live session,"Bashar channeling session titled 'Our Future in the 21st Century (Japan)', dated 2002-06-16. Catalogued from a fan-archived recording on archive.org; no official synopsis was located on a fetched page, so only the title and date are recorded here.",https://archive.org/details/bashar-our-future-in-the-21st-century-2002-06-16
2002-06-22,Earth in Transition,,live session,"Bashar channeling session titled 'Earth in Transition', dated 2002-06-22. Catalogued from a fan-archived recording on archive.org; no official synopsis was located on a fetched page, so only the title and date are recorded here.",https://archive.org/details/bashar-earth-in-transition-2002-06-22
2002-06-23,Manifesting Your Dreams in the 21st Century,,live session,"Bashar channeling session titled 'Manifesting Your Dreams in the 21st Century', dated 2002-06-23. Catalogued from a fan-archived recording on archive.org; no official synopsis was located on a fetched page, so only the title and date are recorded here.",https://archive.org/details/bashar-manifesting-your-dreams-in-the-21st-century-2002-06-23
2004-03-14,Creative Spiritual Expression,,live session,"Bashar channeling session titled 'Creative Spiritual Expression', dated 2004-03-14. Catalogued from a fan-archived recording on archive.org; no official synopsis was located on a fetched page, so only the title and date are recorded here.",https://archive.org/details/bashar-creative-spiritual-expression-2004-03-14
2004-04-10,Explorations with Bashar 2004,,live session,Listed on BasharTV (no topic tags or synopsis exposed on the program page). Recording date 2004-04-10 per fan-archived copy on archive.org (identifier bashar-explorations-with-bashar-2004-04-10).,https://tv.bashar.org/programs/evening-2004
2004-08-14,The Paradox Connection,,live session,"Bashar channeling session titled 'The Paradox Connection', dated 2004-08-14. Catalogued from a fan-archived recording on archive.org; no official synopsis was located on a fetched page, so only the title and date are recorded here.",https://archive.org/details/bashar-the-paradox-connection-2004-08-14
2004-12-16,Predictions of Our Future,,live session,"Bashar channeling session titled 'Predictions of Our Future', dated 2004-12-16. Catalogued from a fan-archived recording on archive.org; no official synopsis was located on a fetched page, so only the title and date are recorded here.",https://archive.org/details/bashar-predictions-of-our-future-2004-12-16
2005-04-12,Total Impact,,live session,"Bashar channeling session titled 'Total Impact', dated 2005-04-12. Catalogued from a fan-archived recording on archive.org; no official synopsis was located on a fetched page, so only the title and date are recorded here.",https://archive.org/details/bashar-total-impact-2005-04-12
2005-05-21,Soul Blueprint Workshop,,workshop,"Bashar channeling session titled 'Soul Blueprint Workshop', dated 2005-05-21. Catalogued from a fan-archived recording on archive.org; no official synopsis was located on a fetched page, so only the title and date are recorded here.",https://archive.org/details/bashar-soul-blueprint-workshop-2005-05-21-22_202407
2005-06-15,The ET Dolphin Conference,,conference,"Bashar channeling session titled 'The ET Dolphin Conference', dated 2005-06-15. Catalogued from a fan-archived recording on archive.org; no official synopsis was located on a fetched page, so only the title and date are recorded here.",https://archive.org/details/bashar-the-et-dolphin-conference-2005-06-15
2005-10-15,Waves of Energy,,live session,"Bashar channeling session titled 'Waves of Energy', dated 2005-10-15. Catalogued from a fan-archived recording on archive.org; no official synopsis was located on a fetched page, so only the title and date are recorded here.",https://archive.org/details/bashar-waves-of-energy-2005-10-15
2005-10-16,Preparing for Contact 101,,live session,"Bashar channeling session titled 'Preparing for Contact 101', dated 2005-10-16. Catalogued from a fan-archived recording on archive.org; no official synopsis was located on a fetched page, so only the title and date are recorded here.",https://archive.org/details/bashar-preparing-for-contact-101-2005-10-16
2005-12-06,Blueprint for Contact,,live session,"Bashar channeling session titled 'Blueprint for Contact', dated 2005-12-06. Catalogued from a fan-archived recording on archive.org; no official synopsis was located on a fetched page, so only the title and date are recorded here.",https://archive.org/details/bashar-blueprint-for-contact-2005-12-06
2006-04-29,State of Future Union,,live session,"Bashar channeling session titled 'State of Future Union', dated 2006-04-29. Catalogued from a fan-archived recording on archive.org; no official synopsis was located on a fetched page, so only the title and date are recorded here.",https://archive.org/details/bashar-state-of-future-union-2006-04-29
2006-04-30,Changing Core Beliefs,,live session,"Bashar channeling session titled 'Changing Core Beliefs', dated 2006-04-30. Catalogued from a fan-archived recording on archive.org; no official synopsis was located on a fetched page, so only the title and date are recorded here.",https://archive.org/details/bashar-changing-core-beliefs-2006-04-30
2006-05-15,An Interview with Bashar,,live session,"Bashar channeling session titled 'An Interview with Bashar', dated 2006-05-15. Catalogued from a fan-archived recording on archive.org; no official synopsis was located on a fetched page, so only the title and date are recorded here.",https://archive.org/details/bashar-an-interview-with-bashar-2006-05-15
2006-05-21,Transforming Core Beliefs,,live session,"Bashar channeling session titled 'Transforming Core Beliefs', dated 2006-05-21. Catalogued from a fan-archived recording on archive.org; no official synopsis was located on a fetched page, so only the title and date are recorded here.",https://archive.org/details/bashar-transforming-core-beliefs-2006-05-21
2006-06-11,An Evening with Bashar in Hawaii,Hawaii,live session,"Bashar channeling session titled 'An Evening with Bashar in Hawaii', dated 2006-06-11. Catalogued from a fan-archived recording on archive.org; no official synopsis was located on a fetched page, so only the title and date are recorded here.",https://archive.org/details/bashar-an-evening-with-bashar-in-hawaii-2006-06-11
2006-06-11,Extraterrestrial Contact Act (Hawaii),Hawaii,live session,"Bashar channeling session titled 'Extraterrestrial Contact Act (Hawaii)', dated 2006-06-11. Catalogued from a fan-archived recording on archive.org; no official synopsis was located on a fetched page, so only the title and date are recorded here.",https://archive.org/details/bashar-extraterrestrial-contact-act-hawaii-2006-06-11
2006-06-12,The Dolphin ET Workshop,,workshop,"Bashar channeling session titled 'The Dolphin ET Workshop', dated 2006-06-12. Catalogued from a fan-archived recording on archive.org; no official synopsis was located on a fetched page, so only the title and date are recorded here.",https://archive.org/details/bashar-the-dolphin-et-workshop-2006-06-12
2006-09-29,Future Milestones,,live session,"Bashar channeling session titled 'Future Milestones', dated 2006-09-29. Catalogued from a fan-archived recording on archive.org; no official synopsis was located on a fetched page, so only the title and date are recorded here.",https://archive.org/details/bashar-future-milestones-2006-09-29
2006-09-30,Living Your Excitement,,live session,"Bashar channeling session titled 'Living Your Excitement', dated 2006-09-30. Catalogued from a fan-archived recording on archive.org; no official synopsis was located on a fetched page, so only the title and date are recorded here.",https://archive.org/details/bashar-living-your-excitement-2006-09-30
2006-10-28,Accelerating Contact,,live session,"Bashar channeling session titled 'Accelerating Contact', dated 2006-10-28. Catalogued from a fan-archived recording on archive.org; no official synopsis was located on a fetched page, so only the title and date are recorded here.",https://archive.org/details/bashar-accelerating-contact-2006-10-28
2007-01-15,The Other Side,,live session,"Bashar channeling session titled 'The Other Side', dated 2007-01-15. Catalogued from a fan-archived recording on archive.org; no official synopsis was located on a fetched page, so only the title and date are recorded here.",https://archive.org/details/bashar-the-other-side-2007-01-15
2007-01-19,"Sex, Drugs, Aliens",,live session,"Bashar channeling session titled 'Sex, Drugs, Aliens', dated 2007-01-19. Catalogued from a fan-archived recording on archive.org; no official synopsis was located on a fetched page, so only the title and date are recorded here.",https://archive.org/details/bashar-sex-drugs-aliens-2007-01-19_202406
2007-05-19,Transformation Matters,,live session,"Bashar channeling session titled 'Transformation Matters', dated 2007-05-19. Catalogued from a fan-archived recording on archive.org; no official synopsis was located on a fetched page, so only the title and date are recorded here.",https://archive.org/details/bashar-transformation-matters-2007-05-19
2007-05-21,Monologues,,live session,"Bashar channeling session titled 'Monologues', dated 2007-05-21. Catalogued from a fan-archived recording on archive.org; no official synopsis was located on a fetched page, so only the title and date are recorded here.",https://archive.org/details/bashar-monologues-2007-05-21
2007-06-23,Permission Slips,,live session,"Bashar channeling session titled 'Permission Slips', dated 2007-06-23. Catalogued from a fan-archived recording on archive.org; no official synopsis was located on a fetched page, so only the title and date are recorded here.",https://archive.org/details/bashar-permission-slips-2007-06-23
2007-06-27,Beyond the Secret and Into Abundance,,live session,"Bashar channeling session titled 'Beyond the Secret and Into Abundance', dated 2007-06-27. Catalogued from a fan-archived recording on archive.org; no official synopsis was located on a fetched page, so only the title and date are recorded here.",https://archive.org/details/bashar-beyond-the-secret-and-into-abundance-2007-06-27
2007-08-11,A Third Reality,,live session,"Bashar channeling session titled 'A Third Reality', dated 2007-08-11. Catalogued from a fan-archived recording on archive.org; no official synopsis was located on a fetched page, so only the title and date are recorded here.",https://archive.org/details/bashar-a-third-reality-2007-08-11
2007-09-29,Facets of Creation,,live session,"Bashar channeling session titled 'Facets of Creation', dated 2007-09-29. Catalogued from a fan-archived recording on archive.org; no official synopsis was located on a fetched page, so only the title and date are recorded here.",https://archive.org/details/bashar-facets-of-creation-2007-09-29
2007-11-04,A Matter Of Faith,,live session,"Bashar channeling session titled 'A Matter Of Faith', dated 2007-11-04. Catalogued from a fan-archived recording on archive.org; no official synopsis was located on a fetched page, so only the title and date are recorded here.",https://archive.org/details/bashar-a-matter-of-faith-2007-11-04
2007-12-01,On Our Own,,live session,"Bashar channeling session titled 'On Our Own', dated 2007-12-01. Catalogued from a fan-archived recording on archive.org; no official synopsis was located on a fetched page, so only the title and date are recorded here.",https://archive.org/details/bashar-on-our-own-2007-12-01
2008-01-25,The One,,live session,"Bashar channeling session titled 'The One', dated 2008-01-25. Catalogued from a fan-archived recording on archive.org; no official synopsis was located on a fetched page, so only the title and date are recorded here.",https://archive.org/details/bashar-the-one-2008-01-25
2008-06-14,Imagination: Key to the Higher Mind,,live session,"Bashar channeling session titled 'Imagination: Key to the Higher Mind', dated 2008-06-14. Catalogued from a fan-archived recording on archive.org; no official synopsis was located on a fetched page, so only the title and date are recorded here.",https://archive.org/details/bashar-imagination-key-to-the-higher-mind-2008-06-14
2008-06-15,Bashar's Lab,,live session,"Bashar channeling session titled 'Bashar's Lab', dated 2008-06-15. Catalogued from a fan-archived recording on archive.org; no official synopsis was located on a fetched page, so only the title and date are recorded here.",https://archive.org/details/bashar-bashars-lab-2008-06-15
2008-10-11,Download,,live session,"Bashar channeling session titled 'Download', dated 2008-10-11. Catalogued from a fan-archived recording on archive.org; no official synopsis was located on a fetched page, so only the title and date are recorded here.",https://archive.org/details/bashar-download-2008-10-11
2008-10-12,Take Action,,live session,"Bashar channeling session titled 'Take Action', dated 2008-10-12. Catalogued from a fan-archived recording on archive.org; no official synopsis was located on a fetched page, so only the title and date are recorded here.",https://archive.org/details/bashar-take-action-2008-10-12
2008-11-08,A Little Tale Of Future Earth,,live session,"Bashar channeling session titled 'A Little Tale Of Future Earth', dated 2008-11-08. Catalogued from a fan-archived recording on archive.org; no official synopsis was located on a fetched page, so only the title and date are recorded here.",https://archive.org/details/bashar-a-little-tale-of-future-earth-2008-11-08
2008-11-08,Above Sedona,"Sedona, Arizona",live session,"Bashar channeling session titled 'Above Sedona', dated 2008-11-08. Catalogued from a fan-archived recording on archive.org; no official synopsis was located on a fetched page, so only the title and date are recorded here.",https://archive.org/details/bashar-above-sedona-2008-11-08
2009-03-19,Graph of Growth and the Unicorn,,live session,"Bashar channeling session titled 'Graph of Growth and the Unicorn', dated 2009-03-19. Catalogued from a fan-archived recording on archive.org; no official synopsis was located on a fetched page, so only the title and date are recorded here.",https://archive.org/details/bashar-graph-of-growth-and-the-unicorn-2009-03-19
2009-06-20,Debunking the Debunkers,,live session,"Bashar channeling session titled 'Debunking the Debunkers', dated 2009-06-20. Catalogued from a fan-archived recording on archive.org; no official synopsis was located on a fetched page, so only the title and date are recorded here.",https://archive.org/details/bashar-debunking-the-debunkers-2009-06-20
2009-06-21,The Span,,live session,"Bashar channeling session titled 'The Span', dated 2009-06-21. Catalogued from a fan-archived recording on archive.org; no official synopsis was located on a fetched page, so only the title and date are recorded here.",https://archive.org/details/bashar-the-span-2009-06-21
2009-08-29,A Ship To Ship Communication,,live session,"Bashar channeling session titled 'A Ship To Ship Communication', dated 2009-08-29. Catalogued from a fan-archived recording on archive.org; no official synopsis was located on a fetched page, so only the title and date are recorded here.",https://archive.org/details/bashar-a-ship-to-ship-communication-2009-08-29
2009-08-29,Fifteen Minutes in Hyperspace,,live session,"Bashar channeling session titled 'Fifteen Minutes in Hyperspace', dated 2009-08-29. Catalogued from a fan-archived recording on archive.org; no official synopsis was located on a fetched page, so only the title and date are recorded here.",https://archive.org/details/bashar-fifteen-minutes-in-hyperspace-2009-08-29
2009-09-19,Past and Future History,,live session,"Bashar channeling session titled 'Past and Future History', dated 2009-09-19. Catalogued from a fan-archived recording on archive.org; no official synopsis was located on a fetched page, so only the title and date are recorded here.",https://archive.org/details/bashar-past-and-future-history-2009-09-19_202406
2009-09-19,The Timeless Now,,live session,"Bashar channeling session titled 'The Timeless Now', dated 2009-09-19. Catalogued from a fan-archived recording on archive.org; no official synopsis was located on a fetched page, so only the title and date are recorded here.",https://archive.org/details/bashar-the-timeless-now-2009-09-19_202406
2009-11-14,15 Minutes And Counting,,live session,"Bashar channeling session titled '15 Minutes And Counting', dated 2009-11-14. Catalogued from a fan-archived recording on archive.org; no official synopsis was located on a fetched page, so only the title and date are recorded here.",https://archive.org/details/bashar-15-minutes-and-counting-2009-11-14_20240602
2009-11-15,Brick Walls Beliefs,,live session,"Bashar channeling session titled 'Brick Walls Beliefs', dated 2009-11-15. Catalogued from a fan-archived recording on archive.org; no official synopsis was located on a fetched page, so only the title and date are recorded here.",https://archive.org/details/bashar-brick-walls-beliefs-2009-11-15
2010-03-20,Bashar at Alien Event,Alien Event,conference,"Topics tagged on BasharTV: excitement, realities, enlightenment, fear, channeling. Recording date 2010-03-20 per fan-archived copy on archive.org (identifier bashar-alien-event-2010-03-20).",https://tv.bashar.org/programs/alien-event
2010-05-31,Channeling for Change,,live session,"Topics tagged on BasharTV: highest joy, negative to positive, beliefs, pyramids, crystal skull, pre-destiny, telempathy. Recording date 2010-05-31 per fan-archived copy on archive.org (identifier bashar-channeling-for-change-2010-05-31).",https://tv.bashar.org/programs/channeling-for-change
2010-06-19,Shifting Through Infinity,,live session,"Topics tagged on BasharTV: new perspective, multiple realities, evolution, vortex, pyramids. Recording date 2010-06-19 per fan-archived copy on archive.org (identifier bashar-shifting-through-infinity-2010-06-19).",https://tv.bashar.org/programs/shifting-through-infinity
2010-06-20,Sacred Circuitry: Wholeness of Being,,live session,"Bashar channeling session titled 'Sacred Circuitry: Wholeness of Being', dated 2010-06-20. Catalogued from a fan-archived recording on archive.org; no official synopsis was located on a fetched page, so only the title and date are recorded here.",https://archive.org/details/bashar-sacred-circuitry-wholeness-of-being-2010-06-20
2010-08-14,Slip Stream: Crystal Portals,,live session,"Bashar channeling session titled 'Slip Stream: Crystal Portals', dated 2010-08-14. Catalogued from a fan-archived recording on archive.org; no official synopsis was located on a fetched page, so only the title and date are recorded here.",https://archive.org/details/bashar-slip-stream-crystal-portals-2010-08-14
2010-08-28,Simultaneity Of Existence & Connecting To The Oversoul,,live session,"Topics tagged on BasharTV: linear timeline, quantum physics, reincarnation, multidimensional nature, oversoul, connection, war. Recording date 2010-08-28 per fan-archived copy on archive.org (identifier bashar-simultaneity-of-existence-connecting-to-the-oversoul-2010-08-28).",https://tv.bashar.org/programs/simultaneity
2010-09-11,Dialogues with the Future Self,,live session,"Topics tagged on BasharTV: future self, communication, guidance, ideal self, angels, meditation, security. Recording date 2010-09-11 per fan-archived copy on archive.org (identifier bashar-dialogues-with-future-self-2010-09-11).",https://tv.bashar.org/programs/dialogues-with-the-future-self
2010-11-20,Vortex Vibrations,,live session,"Topics tagged on BasharTV: vortex, balance, energetic relationship, love, connection, hybrid children, fear of success. Recording date 2010-11-20 per fan-archived copy on archive.org (identifier bashar-vortex-vibrations-2010-11-20).",https://tv.bashar.org/programs/vortex-vibrations
2010-11-21,All Aboard the 2012 Train,,live session,"Bashar channeling session titled 'All Aboard the 2012 Train', dated 2010-11-21. Catalogued from a fan-archived recording on archive.org; no official synopsis was located on a fetched page, so only the title and date are recorded here.",https://archive.org/details/bashar-all-aboard-the-2012-train-2010-11-21
2010-11-21,The Physics of Intention,,live session,"Topics tagged on BasharTV: manifestation, desire, intention, vision, negative energy, channeling, Buddha, sacred circuits. Recording date 2010-11-21 per fan-archived copy on archive.org (identifier bashar-physics-of-intention-2010-11-21).",https://tv.bashar.org/programs/the-physics-of-intention
2011-02-12,Master Tools of Manifestation,,live session,"Topics tagged on BasharTV: creating positive energy, tools, dreams, shifting realities, themes, vibrations, Oversoul. Recording date 2011-02-12 per fan-archived copy on archive.org (identifier bashar-master-tools-of-manifestation-2011-02-12).",https://tv.bashar.org/programs/master-tools-of-manifestation
2011-04-16,Flipping the Switch,Japan,live session,"Topics tagged on BasharTV: manifesting, healing, healthy, Japan, co-create. Recording date 2011-04-16 per fan-archived copy on archive.org (identifier bashar-flipping-the-switch-2011-04-16).",https://tv.bashar.org/programs/flipping-the-switch
2011-06-17,A Message for Japan,Japan,live session,"Topics tagged on BasharTV: future, positive energy, Japan, vibration, bad karma, radiation. Recording date 2011-06-17 per fan-archived copy on archive.org (identifier bashar-a-message-for-japan-2011-06-17).",https://tv.bashar.org/programs/a-message-for-japan
2011-06-18,Hall Of Mirrors,,live session,"Topics tagged on BasharTV: change personality, ego structure, Council of Nine, idea process. Recording date 2011-06-18 per fan-archived copy on archive.org (identifier bashar-hall-of-mirrors-2011-06-18).",https://tv.bashar.org/programs/hall-of-mirrors
2011-06-19,An Essassani Story,,live session,"Bashar channeling session titled 'An Essassani Story', dated 2011-06-19. Catalogued from a fan-archived recording on archive.org; no official synopsis was located on a fetched page, so only the title and date are recorded here.",https://archive.org/details/bashar-an-essassani-story-2011-06-19
2011-08-27,Writing Your Life Story,,live session,"Topics tagged on BasharTV: crystallize in physical, writing exercise, storm, sorcerers, chakras, hybrid children, story-telling, parallel reality. Recording date 2011-08-27 per fan-archived copy on archive.org (identifier bashar-writing-your-life-story-2011-08-27).",https://tv.bashar.org/programs/writing-your-life-story
2011-08-28,"The ""I"" of the Storm",,live session,"Topics tagged on BasharTV: Hurricane Irene, navigate fear, transformation, shift reality, vortex, chakra points. Recording date 2011-08-28 per fan-archived copy on archive.org (identifier bashar-i-of-the-storm-2011-08-28).",https://tv.bashar.org/programs/the-i-of-the-storm
2011-11-05,The 9 Levels Of Consciousness,,live session,"Topics tagged on BasharTV: levels, nine, Oversoul, beliefs, emotions, negative, ego, higher mind, unity, joy. Recording date 2011-11-05 per fan-archived copy on archive.org (identifier bashar-nine-levels-of-consciousness-2011-11-05).",https://tv.bashar.org/programs/9-levels
2011-11-11,11-11-11 The Gateway to 2012,,live session,"Topics tagged on BasharTV: transition, Light Labyrinth meditation, 2012, love, healing, selective memory. Recording date 2011-11-11 per fan-archived copy on archive.org (identifier bashar-11-11-11-the-gateway-to-2012-2011-11-11).",https://tv.bashar.org/programs/11-11-11-the-gateway
2011-11-12,Diving Deeper into 9 Levels of Consciousness,,live session,"Topics tagged on BasharTV: levels of consciousness, higher mind, crystalizing, meditation. Recording date 2011-11-12 per fan-archived copy on archive.org (identifier bashar-diving-deeper-into-the-nine-levels-of-consciousness-2011-11-12).",https://tv.bashar.org/programs/diving-deeper
2011-11-13,The Law of Attraction and Repulsion,,live session,"Topics tagged on BasharTV: laws of attraction, meditation, transformation, laws of repulsion, beliefs, Contact crystal, 5 Hybrid Races, number 3, Spiritual Time. Recording date 2011-11-13 per fan-archived copy on archive.org (identifier bashar-the-laws-of-attraction-and-repulsion-2011-11-13).",https://tv.bashar.org/programs/the-law-of-attraction-and-repulsion
2012-02-11,Riding The Wave To Ascension,,live session,"Topics tagged on BasharTV: 2012, wave of energy, best life, Earth history, tools, reflects balance, meditation technique, attract positivity. Recording date 2012-02-11 per fan-archived copy on archive.org (identifier bashar-riding-the-wave-to-ascension-2012-02-11).",https://tv.bashar.org/programs/riding-the-wave-to-ascension
2012-02-12,An Afternoon with Bashar - 2012-02-12,BasharTV 'An Afternoon/Evening with Bashar' series (Japanese-language title on BasharTV: バシャールとの午後),live session,Dated session in the 'An Afternoon with Bashar' series listed on BasharTV; the program page gives only the title/date (Japanese title 'バシャールとの午後' on the 'afternoon' entries) and no synopsis. The BasharTV slug reads 'february-12-2012' although it is listed among 2021-2022 sessions; the year may be a typo on the source.,https://tv.bashar.org/programs/afternoon-february-12-2012
2012-05-26,The 4 Laws of Creation,,live session,"Topics tagged on BasharTV: healing, DMT, soulmates, procreating, manifest, introduction. Recording date 2012-05-26 per fan-archived copy on archive.org (identifier bashar-the-4-laws-of-creation-2012-05-26).",https://tv.bashar.org/programs/the-4-laws-of-creation
2012-06-02,Rising From The Ashes,,live session,"Topics tagged on BasharTV: new reality, transforming, Essassani, unconditional love, channeling, miracles, religion, dolphin. Recording date 2012-06-02 per fan-archived copy on archive.org (identifier bashar-rising-from-the-ashes-2012-06-02).",https://tv.bashar.org/programs/rising-from-the-ashes
2012-06-15,No Comparison,,live session,"Topics tagged on BasharTV: Q&A session, perception, Essassani, akashic records, crystal meditation. Recording date 2012-06-15 per fan-archived copy on archive.org (identifier bashar-no-comparison-2012-06-15).",https://tv.bashar.org/programs/no-comparison
2012-06-16,Resonance and Reflection,,live session,"Topics tagged on BasharTV: laws of attraction, repulsion, clarity, transformation, higher mind, dolphins. Recording date 2012-06-16 per fan-archived copy on archive.org (identifier bashar-resonance-and-reflection-2012-06-16).",https://tv.bashar.org/programs/resonance-and-reflection
2012-06-17,The UFO Witness Declaration,,live session,"Topics tagged on BasharTV: disclosure, contact, transformative, Essassani humor, moon, Sacred Circuits, A Course in Miracles, permission slips, hybrid races. Recording date 2012-06-17 per fan-archived copy on archive.org (identifier bashar-ufo-witness-declaration-2012-06-17).",https://tv.bashar.org/programs/ufo-witness-declaration
2012-06-30,Bashar 2.0,,live session,"Topics tagged on BasharTV: illusion, co-creations, DMT, Essassani, soul groups. Recording date 2012-06-30 per fan-archived copy on archive.org (identifier bashar-bashar-2.0-2012-06-30).",https://tv.bashar.org/programs/bashar-20
2012-11-09,Building the Bridge to Ascension,,live session,"Topics tagged on BasharTV: higher frequencies, accelerate contact, past civilizations, history of Solar System, Lemurian holiday, dreams, Hybrid Children. Recording date 2012-11-09 per fan-archived copy on archive.org (identifier bashar-building-the-bridge-to-2013-2012-11-09).",https://tv.bashar.org/programs/building-the-bridge-to-ascension
2012-11-10,Crossing The Bridge To Ascension,,live session,"Topics tagged on BasharTV: Essassani, hybrid messages, energy, reincarnating, higher self, karma. Recording date 2012-11-10 per fan-archived copy on archive.org (identifier bashar-crossing-the-bridge-to-2013-2012-11-10).",https://tv.bashar.org/programs/crossing-the-bridge-to-ascension
2012-11-11,A Message From Sirius,,live session,"Topics tagged on BasharTV: 2013, dolphin, hybrids, ancient civilizations, Sassani. Recording date 2012-11-11 per fan-archived copy on archive.org (identifier bashar-a-message-from-sirius-2012-11-11).",https://tv.bashar.org/programs/message-from-sirius
2012-11-17,This and That,,live session,"Bashar channeling session titled 'This and That', dated 2012-11-17. Catalogued from a fan-archived recording on archive.org; no official synopsis was located on a fetched page, so only the title and date are recorded here.",https://archive.org/details/bashar-this-and-that-2012-11-17
2012-11-24,ETs and the Multiverse,,live session,"Bashar channeling session titled 'ETs and the Multiverse', dated 2012-11-24. Catalogued from a fan-archived recording on archive.org; no official synopsis was located on a fetched page, so only the title and date are recorded here.",https://archive.org/details/bashar-ets-and-the-multiverse-2012-11-24
2012-12-01,The Nexus Point,,live session,"Topics tagged on BasharTV: Sirius, Essassani, Earth, connection, hybrid, Mayan. Recording date 2012-12-01 per fan-archived copy on archive.org (identifier bashar-the-nexus-point-2012-12-01).",https://tv.bashar.org/programs/nexus-point
2012-12-21,Tipping the Scales,,live session,"Bashar channeling session titled 'Tipping the Scales', dated 2012-12-21. Catalogued from a fan-archived recording on archive.org; no official synopsis was located on a fetched page, so only the title and date are recorded here.",https://archive.org/details/bashar-tipping-the-scales-2012-12-21
2012-12-22,Through The Looking Glass,,live session,"Topics tagged on BasharTV: accelerated transformation, synchronicity. Recording date 2012-12-22 per fan-archived copy on archive.org (identifier bashar-through-the-looking-glass-2012-12-22).",https://tv.bashar.org/programs/through-the-looking-glass
2013-04-06,The Time Machine,,live session,Listed on BasharTV (no topic tags or synopsis exposed on the program page). Recording date 2013-04-06 per fan-archived copy on archive.org (identifier bashar-time-machine-2013-04-06).,https://tv.bashar.org/programs/lightning-bottle-2013
2013-04-13,The 33rd Parallel,,live session,"Topics tagged on BasharTV: Willa, future, parallel incarnations, chakra, Cryptics, self love. Recording date 2013-04-13 per fan-archived copy on archive.org (identifier bashar-the-33rd-parallel-2013-04-13).",https://tv.bashar.org/programs/33rd-parallel
2013-06-01,A Game Of Chess,,live session,"Topics tagged on BasharTV: levels of consciousness, physical reality expression, permission slips, law of attraction, frequency, soulmates, overcome challenges. Recording date 2013-06-01 per fan-archived copy on archive.org (identifier bashar-a-game-of-chess-2013-06-01).",https://tv.bashar.org/programs/game-of-chess
2013-06-14,"The Apprentice, The Adept & The Alchemist",,live session,"Topics tagged on BasharTV: transformation, change, ascension, health, tel-empathy. Recording date 2013-06-14 per fan-archived copy on archive.org (identifier bashar-the-apprentice-the-adept-and-the-alchemist-2013-06-14).",https://tv.bashar.org/programs/the-apprentice
2013-06-15,"Saturn's Day, The Council of Nine",,live session,"Topics tagged on BasharTV: Council of Nine, spiritual, enlightenment, Saturn, crystal spiral, hybrid races, mystery. Recording date 2013-06-15 per fan-archived copy on archive.org (identifier bashar-saturns-day-the-council-of-nine-2013-06-15).",https://tv.bashar.org/programs/saturns-day
2013-06-16,Jupiter: The Eye of the Storm & The Watchful Father,,live session,"Topics tagged on BasharTV: energy, expanding awareness, higher dimensions, AI (artificial intelligence), higher mind, moon. Recording date 2013-06-16 per fan-archived copy on archive.org (identifier bashar-jupiter-the-eye-of-the-storm-the-watchful-father-2013-06-16).",https://tv.bashar.org/programs/jupiter-the-eye-of-the-storm
2013-07-06,The 5th Law,,live session,"Topics tagged on BasharTV: law of creation, Interstellar Alliance, four laws, human evolution, true self, shifting energy, war, conflict, tension. Recording date 2013-07-06 per fan-archived copy on archive.org (identifier bashar-the-5th-law-2013-07-06).",https://tv.bashar.org/programs/the-5th-law
2013-11-08,Karma,,live session,"Topics tagged on BasharTV: karma, vibration, limiting concepts, tools, punishment, crystal skull, astrology, hybrid. Recording date 2013-11-08 per fan-archived copy on archive.org (identifier bashar-karma-2013-11-08).",https://tv.bashar.org/programs/karma
2013-11-09,Dream a Little Dream,,live session,"Topics tagged on BasharTV: mechanism, dreams, moon, hybrid children, spirits, the one. Recording date 2013-11-09 per fan-archived copy on archive.org (identifier bashar-dream-a-little-dream-2013-11-09).",https://tv.bashar.org/programs/dream-a-little-dream
2013-11-10,The Fox,,live session,"Topics tagged on BasharTV: future, Willa, agreements, parallel realities, higher mind. Recording date 2013-11-10 per fan-archived copy on archive.org (identifier bashar-the-fox-2013-11-10).",https://tv.bashar.org/programs/fox
2013-11-23,The Parallelogram,,live session,"Topics tagged on BasharTV: parallel realities, connecting, downloading, religion, oversoul, chakra, past lives, unconditional love, spiritual energy, Christianity, Jesus. Recording date 2013-11-23 per fan-archived copy on archive.org (identifier bashar-the-parallelogram-2013-11-23).",https://tv.bashar.org/programs/parallelogram
2013-12-20,The Cycles of Nine,,live session,"Topics tagged on BasharTV: number 9, end of cycles, contact, permission slip, co-creating, Atlantis, split realities. Recording date 2013-12-20 per fan-archived copy on archive.org (identifier bashar-cycles-of-nine-2013-12-20).",https://tv.bashar.org/programs/cycles-of-nine
2013-12-21,Year of Reinvention,,live session,"Topics tagged on BasharTV: alignment, energy, 2014, dreams, Willa, old soul, higher mind, permission slip, crystal. Recording date 2013-12-21 per fan-archived copy on archive.org (identifier bashar-the-year-of-reinvention-2013-12-21).",https://tv.bashar.org/programs/year-of-reinvention
2014-01-25,Cosmic Awakening,,live session,"Topics tagged on BasharTV: polarity, energy, physics, connection, All That Is, third law, star system, Threshold of Believability, fourth density. Recording date 2014-01-25 per fan-archived copy on archive.org (identifier bashar-cosmic-awakening-2014-01-25).",https://tv.bashar.org/programs/cosmic-awakening
2014-04-12,The Stone Speakers,,live session,"Bashar channeling session titled 'The Stone Speakers', dated 2014-04-12. Catalogued from a fan-archived recording on archive.org; no official synopsis was located on a fetched page, so only the title and date are recorded here.",https://archive.org/details/bashar-the-stone-speakers-2014-04-12
2014-05-24,Bashar at Lightning in a Bottle 2014,"Lightning in a Bottle festival, California",conference,"Topics tagged on BasharTV: Q&A session, outdoor, yoga, beliefs, permission slip, manifesting, civilization. Recording date 2014-05-24 per fan-archived copy on archive.org (identifier bashar-lightning-in-a-bottle-2014-5-24).",https://tv.bashar.org/programs/lightning-in-a-bottle-2014
2014-06-20,The Awakening,,live session,"Topics tagged on BasharTV: permission slip, enhancement, dreams, transformation, healing, DNA, UFO. Recording date 2014-06-20 per fan-archived copy on archive.org (identifier bashar-the-awakening-2014-06-20).",https://tv.bashar.org/programs/awakening
2014-06-21,The Passion Principle,,live session,"Topics tagged on BasharTV: passion formula, tool, Epsilon, Epiphany and Eclipse, oversoul, channeling, fear, surrender. Recording date 2014-06-21 per fan-archived copy on archive.org (identifier bashar-passion-principle-2014-06-21).",https://tv.bashar.org/programs/the-passion-principle
2014-06-22,Living an Extraordinary Life,Japan,live session,"Topics tagged on BasharTV: true self, Japan, healing, angels, psychomanteum, release fear, oversoul. Recording date 2014-06-22 per fan-archived copy on archive.org (identifier bashar-living-an-extraordinary-life-2014-06-22).",https://tv.bashar.org/programs/living-an-extraordinary-life
2014-08-16,Using The Tools,,live session,"Topics tagged on BasharTV: critical voice, voice of reason, tools, higher vibrations, creation, abduction, higher mind, disconnected, Five Laws. Recording date 2014-08-16 per fan-archived copy on archive.org (identifier bashar-using-the-tools-2014-08-16).",https://tv.bashar.org/programs/using-the-tools
2014-09-06,The Voices in Your Head,,live session,"Topics tagged on BasharTV: channeling energies, higher vibrations, voice of reason, critical voice, All That Is, relationship, hybrids. Recording date 2014-09-06 per fan-archived copy on archive.org (identifier bashar-voices-in-your-head-2014-09-06).",https://tv.bashar.org/programs/the-voices-in-your-head
2014-09-26,Interstellar Enneagram Part 1,,live session,"Topics tagged on BasharTV: interdimensional civilizations, Orion, Anunnaki, Grey civilizations, Dispersed Essence, DNA, Old Soul. Recording date 2014-09-26 per fan-archived copy on archive.org (identifier bashar-the-interstellar-enneagram-part-1-2014-09-26).",https://tv.bashar.org/programs/interstellar-enneagram-part-1
2014-09-27,Interstellar Enneagram Part 2,,live session,"Topics tagged on BasharTV: interdimensional civilizations, future earth, hybrid races, Orion Black League, Anunnaki genetics, soul connection, hybrids, Sirius incarnation, religion. Recording date 2014-09-27 per fan-archived copy on archive.org (identifier bashar-the-interstellar-enneagram-part-2-2014-09-27).",https://tv.bashar.org/programs/interstellar-enneagram-part-2
2014-09-28,Interstellar Enneagram Part 3,,live session,"Topics tagged on BasharTV: future of earth, interdimensional civilizations, Anunnaki, Grey, Orion, Reptilian, Pleiadian, Essassani, Sirius, Arcturus, Shalinaya. Recording date 2014-09-28 per fan-archived copy on archive.org (identifier bashar-the-interstellar-enneagram-part-3-2014-09-28).",https://tv.bashar.org/programs/interstellar-enneagram-part-3
2014-11-15,Angels and Demons,,live session,"Topics tagged on BasharTV: angelic realm, demonic realm, religion, frequency, energy, past and future, ascension, spiritual connection, Malaysian. Recording date 2014-11-15 per fan-archived copy on archive.org (identifier bashar-angels-and-demons-2014-11-15).",https://tv.bashar.org/programs/angels-and-demons
2014-12-05,Are You Having A Near Life Experience,,live session,"Topics tagged on BasharTV: master tools, empowerment, fuller life, Emotion Code, The Soul Plan, faith. Recording date 2014-12-05 per fan-archived copy on archive.org (identifier bashar-are-you-having-a-near-life-experience-2014-12-05).",https://tv.bashar.org/programs/are-you-having-a-near-life-experience
2014-12-06,The Black Box,,live session,"Topics tagged on BasharTV: true self, belief systems, highest vibrations, forgiveness, A Course in Miracles, the Grays, coherence, Contact Crystal, introduction. Recording date 2014-12-06 per fan-archived copy on archive.org (identifier bashar-the-black-box-2014-12-06).",https://tv.bashar.org/programs/the-black-box
2014-12-07,2015-2016: The Years of Expansion and Contraction,,live session,"Topics tagged on BasharTV: rapid change, highest vibration, 2015 bridge 2016, permission slip, love, healing, implants, gravity. Recording date 2014-12-07 per fan-archived copy on archive.org (identifier bashar-2015-2016-expansion-and-contraction-2014-12-07).",https://tv.bashar.org/programs/years-of-expansion
2015-04-11,The Substitute Teacher,,live session,"Topics tagged on BasharTV: first contact, interactions, meditation, spirits, Essassani, hybrids. Recording date 2015-04-11 per fan-archived copy on archive.org (identifier bashar-substitute-teacher-2015-04-11).",https://tv.bashar.org/programs/substitute-teacher
2015-06-12,The Sedona Vortex Array,"Sedona, Arizona",live session,"Bashar channeling session titled 'The Sedona Vortex Array', dated 2015-06-12. Catalogued from a fan-archived recording on archive.org; no official synopsis was located on a fetched page, so only the title and date are recorded here.",https://archive.org/details/bashar-the-sedona-vortex-array-2015-06-12
2015-06-13,Going MAD,,live session,"Topics tagged on BasharTV: beyond limitations, self expression, Earth, history, Greys, healing, hybrid, Sassani. Recording date 2015-06-13 per fan-archived copy on archive.org (identifier bashar-going-m.-a.-d.-2015-06-13).",https://tv.bashar.org/programs/going-mad
2015-06-19,Continuing Education,,live session,"Topics tagged on BasharTV: contact, training, planet, culture, crystallize concepts, physical reality, religious, vibration, telepathy, hybrids. Recording date 2015-06-19 per fan-archived copy on archive.org (identifier bashar-continuing-education-2015-06-19).",https://tv.bashar.org/programs/continuing-education
2015-06-20,Mistaken Identity,,live session,"Topics tagged on BasharTV: hybrid children, highest excitement, overcome fear, oversoul, healing, mistakes. Recording date 2015-06-20 per fan-archived copy on archive.org (identifier bashar-mistaken-identity-2015-06-20).",https://tv.bashar.org/programs/mistaken-identity
2015-06-21,The Big Picture,,live session,"Topics tagged on BasharTV: oversoul, connection, moon energy, Atlantis, elements, galactic races. Recording date 2015-06-21 per fan-archived copy on archive.org (identifier bashar-the-big-picture-2015-06-21).",https://tv.bashar.org/programs/big-picture
2015-09-12,The Sedona Vortex Array,"Sedona, Arizona",live session,"Topics tagged on BasharTV: Sedona, acceleration contact, Essassani, UFO, vibration, energetic connection, remote viewing, Template Level of Reality. Recording date 2015-09-12 per fan-archived copy on archive.org (identifier bashar-sedona-vortex-array-2015-09-12).",https://tv.bashar.org/programs/sedona-vortex-array
2015-09-25,The Mechanics of Channeling,,live session,"Topics tagged on BasharTV: Sassani, acceleration, energy unfolds, physical reality, circuit diagram, contact, implants. Recording date 2015-09-25 per fan-archived copy on archive.org (identifier bashar-the-mechanics-of-channeling-2015-09-25).",https://tv.bashar.org/programs/mechanics-of-channeling
2015-09-26,Shards of a Shattered Mirror,,live session,"Topics tagged on BasharTV: Willa, parallel realities, Holly Cotton, incarnation, energies unfold, Bashar purpose. Recording date 2015-09-26 per fan-archived copy on archive.org (identifier bashar-shards-of-a-shattered-mirror-2015-09-26).",https://tv.bashar.org/programs/shards-of-a-shattered-mirror
2015-09-27,13 Months and Counting,,live session,"Topics tagged on BasharTV: the Sassani, energy unfolds, deeper understanding, ET contact, Oversoul, Vatican, disclosure. Recording date 2015-09-27 per fan-archived copy on archive.org (identifier bashar-13-months-and-counting-2015-09-27).",https://tv.bashar.org/programs/13-months-and-counting
2015-11-07,The Formula,,live session,"Bashar channeling session titled 'The Formula', dated 2015-11-07. Catalogued from a fan-archived recording on archive.org; no official synopsis was located on a fetched page, so only the title and date are recorded here.",https://archive.org/details/bashar-the-formula-2015-11-07
2015-11-14,Going Gamma,,live session,"Topics tagged on BasharTV: meditation, frequency, connection, higher energies, pyramids, quantum mechanics, permission slips, civilizations, oversouls. Recording date 2015-11-14 per fan-archived copy on archive.org (identifier bashar-going-gamma-2015-11-14).",https://tv.bashar.org/programs/going-gamma
2015-12-04,The Artifacts,,live session,"Topics tagged on BasharTV: hidden artifacts, solar system, human evolution, Gamma frequency, Sirius energies, soulmates. Recording date 2015-12-04 per fan-archived copy on archive.org (identifier bashar-the-artifacts-2015-12-04).",https://tv.bashar.org/programs/artifacts
2015-12-05,Allowance,,live session,"Topics tagged on BasharTV: surrender, passion, path of least resistance, AAA formula, Council of Nine, bluejays. Recording date 2015-12-05 per fan-archived copy on archive.org (identifier bashar-allowance-2015-12-05).",https://tv.bashar.org/programs/allowance
2015-12-06,A Unified Theory,,live session,"Topics tagged on BasharTV: Mars, Joshua Tree, hollow earth, clarity, number meaning, metaphysics, 6th hybrid race. Recording date 2015-12-06 per fan-archived copy on archive.org (identifier bashar-a-unified-theory-of-metaphysics-2015-12-06).",https://tv.bashar.org/programs/one-a-unified-theory
2016-03-26,Temple Days,,live session,"Topics tagged on BasharTV: temple, days, bridge, reality, multidimensional, crystal, creation, spiritual nature, flat earth. Recording date 2016-03-26 per fan-archived copy on archive.org (identifier bashar-temple-days-2016-03-26).",https://tv.bashar.org/programs/temple-days
2016-04-16,Your Indestructible Core,,live session,"Topics tagged on BasharTV: indestructible being, permission slips, feelings of uncertainty, following your excitement, dimensions, we're all connected, vortex, introduction. Recording date 2016-04-16 per fan-archived copy on archive.org (identifier bashar-your-indestructible-core-2016-04-16).",https://tv.bashar.org/programs/your-indestructible-core
2016-06-04,CYBO,,live session,"Topics tagged on BasharTV: number 13, ancient Essassani, transformation, game, shift reality, health, self-hate, increase vibrations, ""Triple A"" technique, war, tension, conflict. Recording date 2016-06-04 per fan-archived copy on archive.org (identifier bashar-cybo-2016-06-04).",https://tv.bashar.org/programs/cybo
2016-06-17,Masks,,live session,"Topics tagged on BasharTV: change personality, higher mind, permission slip, transformation, hollow earth, Bashar quote, Darryl's movie, health, communication. Recording date 2016-06-17 per fan-archived copy on archive.org (identifier bashar-masks-2016-06-17).",https://tv.bashar.org/programs/masks
2016-06-18,The Story Tree,,live session,"Topics tagged on BasharTV: rewrite your story, positivity, value, instantly manifest change, exciting plot, Mayan Calendar, health. Recording date 2016-06-18 per fan-archived copy on archive.org (identifier bashar-the-story-tree-2016-06-18).",https://tv.bashar.org/programs/story-tree
2016-06-19,The State of the Union,,live session,"Topics tagged on BasharTV: father, creation, UFO, drought, implants, alien lifespan, breaking habits. Recording date 2016-06-19 per fan-archived copy on archive.org (identifier bashar-state-of-the-union-2016-06-19).",https://tv.bashar.org/programs/state-of-the-union
2016-09-10,The Future of The Past,,live session,"Topics tagged on BasharTV: transforming, history, personal beliefs, contact, ships, paralysis, 13 Skulls, hollow earth, Anunnaki. Recording date 2016-09-10 per fan-archived copy on archive.org (identifier bashar-the-future-of-the-past-2016-09-10).",https://tv.bashar.org/programs/future-of-the-past
2016-09-11,The Protocols of First Contact,"Sedona, Arizona",live session,"Topics tagged on BasharTV: Sedona, phases of contact, hybrid children, crop circles, time loop, shifting realities, symbology of Saturn, love, Interstellar Alliance. Recording date 2016-09-11 per fan-archived copy on archive.org (identifier bashar-the-protocols-of-first-contact-2016-09-11).",https://tv.bashar.org/programs/protocols-of-first-contact
2016-09-23,The Art of Art,,live session,"Topics tagged on BasharTV: permission slips, creativity, state of being, follow your excitement, dream definitions, Sirius connection, communication, society polarity, Council of Elders. Recording date 2016-09-23 per fan-archived copy on archive.org (identifier bashar-the-art-of-art-2016-09-23).",https://tv.bashar.org/programs/art-of-art
2016-09-24,30 Days of Disclosure,,live session,"Topics tagged on BasharTV: probability of disclosure, experiment, society, collective consciousness, overcome challenges, grief, Tachyon energy, writer's block. Recording date 2016-09-24 per fan-archived copy on archive.org (identifier bashar-30-days-of-disclosure-2016-09-24).",https://tv.bashar.org/programs/30-days-of-disclosure
2016-09-25,Dear Mom and Dad,,live session,"Topics tagged on BasharTV: hybrid agenda, hybrid children, future earth, roles, humanity, Egypt, war, tension, conflict. Recording date 2016-09-25 per fan-archived copy on archive.org (identifier bashar-dear-mom-and-dad-2016-09-25).",https://tv.bashar.org/programs/dear-mom-and-dad
2016-10-01,The Precursors,,live session,"Topics tagged on BasharTV: new information, preparation, 2016, contact, self worth, overcome fear, angel numbers, Atlantis, channeling, illness, freedom, following your excitement, collective consciousness. Recording date 2016-10-01 per fan-archived copy on archive.org (identifier bashar-the-precursors-2016-10-01).",https://tv.bashar.org/programs/precursors
2016-10-15,Amplifying First Contact,,live session,"Topics tagged on BasharTV: amplifying, contact, first contact, Europe, probability, ET disclosing, vibration, self-doubt, Sphinx, war, tension, conflict. Recording date 2016-10-15 per fan-archived copy on archive.org (identifier bashar-amplifying-first-contact-2016-10-15).",https://tv.bashar.org/programs/amplifying-first-contact
2016-10-26,An Afternoon with Bashar - 2016-10-26,BasharTV 'An Afternoon/Evening with Bashar' series (Japanese-language title on BasharTV: バシャールとの午後),live session,Dated session in the 'An Afternoon with Bashar' series listed on BasharTV; the program page gives only the title/date (Japanese title 'バシャールとの午後' on the 'afternoon' entries) and no synopsis.,https://tv.bashar.org/programs/afternoon-october-26-2016
2016-11-05,Self Worth,,live session,"Topics tagged on BasharTV: self worth, self love, vibration, channeling, communication, DNA, negative feelings, pyramids, defense mechanisms, self-esteem, introductions. Recording date 2016-11-05 per fan-archived copy on archive.org (identifier bashar-self-worth-2016-11-05).",https://tv.bashar.org/programs/self-worth
2016-11-06,An Afternoon with Bashar - 2016-11-06,BasharTV 'An Afternoon/Evening with Bashar' series (Japanese-language title on BasharTV: バシャールとの午後),live session,Dated session in the 'An Afternoon with Bashar' series listed on BasharTV; the program page gives only the title/date (Japanese title 'バシャールとの午後' on the 'afternoon' entries) and no synopsis.,https://tv.bashar.org/programs/afternoon-november-6-2016
2016-11-07,An Afternoon with Bashar - 2016-11-07,BasharTV 'An Afternoon/Evening with Bashar' series (Japanese-language title on BasharTV: バシャールとの午後),live session,Dated session in the 'An Afternoon with Bashar' series listed on BasharTV; the program page gives only the title/date (Japanese title 'バシャールとの午後' on the 'afternoon' entries) and no synopsis.,https://tv.bashar.org/programs/afternoon-november-7-2016
2016-11-12,The Next Phase,,live session,"Topics tagged on BasharTV: election, events, ET disclosure, Trump, parallel earth, higher mind. Recording date 2016-11-12 per fan-archived copy on archive.org (identifier bashar-the-next-phase-2016-11-12).",https://tv.bashar.org/programs/next-phase
2016-12-02,Shards: The Next Chapters,,live session,"Bashar channeling session titled 'Shards: The Next Chapters', dated 2016-12-02. Catalogued from a fan-archived recording on archive.org; no official synopsis was located on a fetched page, so only the title and date are recorded here.",https://archive.org/details/bashar-shards-the-next-chapters-2016-12-02
2016-12-03,The Five Levels of Mastery,,live session,"Topics tagged on BasharTV: shape-shifter, sage, wraith, cryptic, nocturnal, Willa, energy, hybrid children, manifesting, divinorum, contact. Recording date 2016-12-03 per fan-archived copy on archive.org (identifier bashar-the-five-levels-of-mastery-2016-12-03).",https://tv.bashar.org/programs/five-levels-of-mastery
2016-12-04,The Winter Spirit,,live session,"Topics tagged on BasharTV: Willa, nature spirit, future, community on earth, five levels of mastery, highest excitement, energies, the formula, mothership. Recording date 2016-12-04 per fan-archived copy on archive.org (identifier bashar-the-winter-spirit-2016-12-04).",https://tv.bashar.org/programs/winter-spirit
2017-01-16,An Afternoon with Bashar - 2017-01-16,BasharTV 'An Afternoon/Evening with Bashar' series (Japanese-language title on BasharTV: バシャールとの午後),live session,Dated session in the 'An Afternoon with Bashar' series listed on BasharTV; the program page gives only the title/date (Japanese title 'バシャールとの午後' on the 'afternoon' entries) and no synopsis.,https://tv.bashar.org/programs/afternoon-january-16-20171
2017-02-10,An Afternoon with Bashar - 2017-02-10,BasharTV 'An Afternoon/Evening with Bashar' series (Japanese-language title on BasharTV: バシャールとの午後),live session,Dated session in the 'An Afternoon with Bashar' series listed on BasharTV; the program page gives only the title/date (Japanese title 'バシャールとの午後' on the 'afternoon' entries) and no synopsis.,https://tv.bashar.org/programs/afternoon-february-10-2017
2017-03-04,The Empowerment of Being You,,live session,"Topics tagged on BasharTV: alignment, empowerment, core energy, vibrational frequency, encounters, Orion wars, predominant, planetary vibration, war. Recording date 2017-03-04 per fan-archived copy on archive.org (identifier bashar-the-empowerment-of-being-you-2017-03-04).",https://tv.bashar.org/programs/empowerment-of-being-you
2017-04-08,Mirror Mirror,,live session,"Topics tagged on BasharTV: flat earth, reflections, physical reality, shift, collective consciousness, meditation, five laws, DMT, Bermuda Triangle, spirit communications. Recording date 2017-04-08 per fan-archived copy on archive.org (identifier bashar-mirror-mirror-2017-04-08).",https://tv.bashar.org/programs/mirror-mirror
2017-06-01,An Afternoon with Bashar - 2017-06-01,BasharTV 'An Afternoon/Evening with Bashar' series (Japanese-language title on BasharTV: バシャールとの午後),live session,Dated session in the 'An Afternoon with Bashar' series listed on BasharTV; the program page gives only the title/date (Japanese title 'バシャールとの午後' on the 'afternoon' entries) and no synopsis.,https://tv.bashar.org/programs/afternoon-june-1-2017
2017-06-16,"As Above, So Below",,live session,"Topics tagged on BasharTV: sage, channeling, crystals, manifest, energy, physical reality, DMT, dragons, origins, density, free will, overcoming fear. Recording date 2017-06-16 per fan-archived copy on archive.org (identifier bashar-as-above-so-below-2017-06-16).",https://tv.bashar.org/programs/as-above-so-below
2017-06-17,The Triad Mind,,live session,"Topics tagged on BasharTV: consciousness, passion, realities, dreams. Recording date 2017-06-17 per fan-archived copy on archive.org (identifier bashar-the-triad-mind-2017-06-17).",https://tv.bashar.org/programs/triad-mind
2017-06-18,Nature's Social Network,,live session,"Bashar channeling session titled 'Nature's Social Network', dated 2017-06-18. Catalogued from a fan-archived recording on archive.org; no official synopsis was located on a fetched page, so only the title and date are recorded here.",https://archive.org/details/bashar-natures-social-network-2017-06-18
2017-07-08,The Manifestation Space,,live session,"Topics tagged on BasharTV: limiting concepts, manifesting, least resistance, true self. Recording date 2017-07-08 per fan-archived copy on archive.org (identifier bashar-the-manifestation-space-2017-07-08).",https://tv.bashar.org/programs/manifestation-space
2017-09-10,Limitations Unlimited,,live session,"Topics tagged on BasharTV: master of limitation, limitations, positive power, manifest, dreams, meditation, shifting, Cybo, ships, Essassani, channeling, crystallize, 30 Days of Disclosure, teachings. Recording date 2017-09-10 per fan-archived copy on archive.org (identifier bashar-limitations-unlimited-2017-09-10).",https://tv.bashar.org/programs/limitations-unlimited
2017-09-10,The Seven Neutral Needs,,live session,"Topics tagged on BasharTV: seven needs, core neutrality, positive, negative, empowered, past, karma, Hybrid Seven, telepathy, pet reflections, Atlantis, manifesting, chambers of pyramids. Recording date 2017-09-10 per fan-archived copy on archive.org (identifier bashar-the-seven-neutral-needs-2017-09-10).",https://tv.bashar.org/programs/seven-neutral-needs
2017-09-22,Epsilon,,live session,"Topics tagged on BasharTV: AI, epsilon, eclipse, epiphany, Essassani, AI spheres, earth, contact, teachings, hybrid children, eastern treatments, the Elementals. Recording date 2017-09-22 per fan-archived copy on archive.org (identifier bashar-epsilon-2017-09-22).",https://tv.bashar.org/programs/epsilon
2017-09-23,Eclipse,,live session,"Bashar channeling session titled 'Eclipse', dated 2017-09-23. Catalogued from a fan-archived recording on archive.org; no official synopsis was located on a fetched page, so only the title and date are recorded here.",https://archive.org/details/bashar-eclipse-2017-09-23
2017-09-24,Epiphany,,live session,"Bashar channeling session titled 'Epiphany', dated 2017-09-24. Catalogued from a fan-archived recording on archive.org; no official synopsis was located on a fetched page, so only the title and date are recorded here.",https://archive.org/details/bashar-epiphany-2017-09-24
2017-11-04,Dare to Dream,,live session,"Topics tagged on BasharTV: dream, action, permission slips, manifestation, creativity, holotope, meditation, healing, integration. Recording date 2017-11-04 per fan-archived copy on archive.org (identifier bashar-dare-to-dream-2017-11-04).",https://tv.bashar.org/programs/dare-to-dream
2017-11-11,Bashar's Birthday Gift,,live session,"Topics tagged on BasharTV: birthday, gift, permission slip, self-empowerment, empowerment. Recording date 2017-11-11 per fan-archived copy on archive.org (identifier bashar-bashars-birthday-gift-2017-11-11).",https://tv.bashar.org/programs/birthday-gift
2017-12-01,The Window of Discovery,,live session,Listed on BasharTV (no topic tags or synopsis exposed on the program page). Recording date 2017-12-01 per fan-archived copy on archive.org (identifier bashar-the-window-of-discovery-2017-12-01).,https://tv.bashar.org/programs/window-of-discovery
2017-12-02,The Spectrum of Fear,,live session,Listed on BasharTV (no topic tags or synopsis exposed on the program page). Recording date 2017-12-02 per fan-archived copy on archive.org (identifier bashar-the-spectrum-of-fear-2017-12-02).,https://tv.bashar.org/programs/spectrum-of-fear
2017-12-03,The Science of Spirit,,live session,"Topics tagged on BasharTV: science, spirit, god, nature, relationship, earth, culture, empowerment, spirituality, AAA Formula, 2018, time, transformation. Recording date 2017-12-03 per fan-archived copy on archive.org (identifier bashar-the-science-of-spirit-2017-12-03).",https://tv.bashar.org/programs/science-of-spirit
2017-12-30,The Structure of Existence,,live session,"Topics tagged on BasharTV: structure, existence, the One, All That Is, cosmos. Recording date 2017-12-30 per fan-archived copy on archive.org (identifier bashar-the-structure-of-existence-2017-12-30).",https://tv.bashar.org/programs/structure-of-existence
2018-02-05,An Afternoon with Bashar - 2018-02-05,BasharTV 'An Afternoon/Evening with Bashar' series (Japanese-language title on BasharTV: バシャールとの午後),live session,Dated session in the 'An Afternoon with Bashar' series listed on BasharTV; the program page gives only the title/date (Japanese title 'バシャールとの午後' on the 'afternoon' entries) and no synopsis.,https://tv.bashar.org/programs/afternoon-february-5-2018
2018-04-14,Stepping From The Shadows,,live session,"Topics tagged on BasharTV: permission slips, higher-dimensional, contact, negativity into positive, our negative beliefs. Recording date 2018-04-14 per fan-archived copy on archive.org (identifier bashar-stepping-from-the-shadows-2018-04-14).",https://tv.bashar.org/programs/stepping-from-the-shadows
2018-04-28,The Five Hybrid Races,,live session,"Topics tagged on BasharTV: Five Hybrid Races, evolution, hybrid, DNA, ancient, genetic, Greys, civilizations, open contact, ancient tongue, dimensions, hybrid children, window of discovery, introduction. Recording date 2018-04-28 per fan-archived copy on archive.org (identifier bashar-the-five-hybrid-races-2018-04-28).",https://tv.bashar.org/programs/five-hybrid-races-video
2018-05-03,An Afternoon with Bashar - 2018-05-03,BasharTV 'An Afternoon/Evening with Bashar' series (Japanese-language title on BasharTV: バシャールとの午後),live session,Dated session in the 'An Afternoon with Bashar' series listed on BasharTV; the program page gives only the title/date (Japanese title 'バシャールとの午後' on the 'afternoon' entries) and no synopsis.,https://tv.bashar.org/programs/afternoon-may-3-2018
2018-05-04,An Afternoon with Bashar - 2018-05-04,BasharTV 'An Afternoon/Evening with Bashar' series (Japanese-language title on BasharTV: バシャールとの午後),live session,Dated session in the 'An Afternoon with Bashar' series listed on BasharTV; the program page gives only the title/date (Japanese title 'バシャールとの午後' on the 'afternoon' entries) and no synopsis.,https://tv.bashar.org/programs/afternoon-may-4-2018
2018-06-15,Is The Earth Flat,,live session,"Topics tagged on BasharTV: earth, flat, debate, transformation, globe, Beethoven, imagination, Garden of Eden, cryptics, fourth density, past, hybrid children, permission slip, Star Trek, implants. Recording date 2018-06-15 per fan-archived copy on archive.org (identifier bashar-is-the-earth-flat-2018-06-15).",https://tv.bashar.org/programs/is-the-earth-flat
2018-06-16,You Are All Time Travelers,,live session,"Topics tagged on BasharTV: time, travelers, journey, shifting realities, navigate time. Recording date 2018-06-16 per fan-archived copy on archive.org (identifier bashar-you-are-all-time-travelers-2018-06-16).",https://tv.bashar.org/programs/you-are-all-time-travelers
2018-06-17,2027 The Contact Fulcrum,,live session,"Topics tagged on BasharTV: 2027, contact, Roswell UFO, cycle of time, time, open contact, 1947, hybrid children, UFO, medication, treatments, portals, DNA. Recording date 2018-06-17 per fan-archived copy on archive.org (identifier bashar-2027-the-contact-fulcrum-2018-06-17).",https://tv.bashar.org/programs/2027-the-contact-fulcrum
2018-08-15,An Afternoon with Bashar - 2018-08-15,BasharTV 'An Afternoon/Evening with Bashar' series (Japanese-language title on BasharTV: バシャールとの午後),live session,Dated session in the 'An Afternoon with Bashar' series listed on BasharTV; the program page gives only the title/date (Japanese title 'バシャールとの午後' on the 'afternoon' entries) and no synopsis.,https://tv.bashar.org/programs/afternoon-august-15-2018
2018-09-28,Crossing The Threshold: The Year Of Decision And Revelation,,live session,"Topics tagged on BasharTV: decision, revelation, threshold, triad year, 2019, time, level of change, change, 2020, energy, trinity, balance. Recording date 2018-09-28 per fan-archived copy on archive.org (identifier bashar-2019-crossing-the-threshold-2018-09-28).",https://tv.bashar.org/programs/crossing-the-threshold
2018-09-29,The Hour of Power,,live session,"Topics tagged on BasharTV: hour, power, stability, tools, balance, meditation, permission slip, self-empowerment, peace. Recording date 2018-09-29 per fan-archived copy on archive.org (identifier bashar-the-hour-of-power-2018-09-29).",https://tv.bashar.org/programs/hour-of-power
2018-09-30,The First Level of Mastery,,live session,"Topics tagged on BasharTV: Willa, mastery, levels, hybrid, future, cryptic, consciousness, nature spirits, spirits, earth. Recording date 2018-09-30 per fan-archived copy on archive.org (identifier bashar-the-first-level-of-mastery-2018-09-30).",https://tv.bashar.org/programs/first-level-of-mastery
2018-11-03,Shedding New Light on Negative Beliefs,,live session,"Topics tagged on BasharTV: light, beliefs, negative, permission slip, introduction. Recording date 2018-11-03 per fan-archived copy on archive.org (identifier bashar-shedding-new-light-on-negative-beliefs-2018-11-03).",https://tv.bashar.org/programs/shedding-new-light
2018-11-17,Interdimensional Portals,,live session,"Topics tagged on BasharTV: portals, vortex, energy, state of being, reality, moving forward. Recording date 2018-11-17 per fan-archived copy on archive.org (identifier bashar-interdimensional-portals-and-where-to-find-them-2018-11-17).",https://tv.bashar.org/programs/interdimensional-portals
2018-11-30,Parables and Time Crystals,,live session,"Topics tagged on BasharTV: parables, time, crystals, human evolution, evolution, probabilities, change, permission slip, accelerated results. Recording date 2018-11-30 per fan-archived copy on archive.org (identifier bashar-parables-and-time-crystals-2018-11-30).",https://tv.bashar.org/programs/parables-and-time-crystals
2018-12-01,The Black Box Part II,,live session,"Topics tagged on BasharTV: Black Box, story, suspension of disbelief, negative beliefs, consciousness, reflection, accelerated results. Recording date 2018-12-01 per fan-archived copy on archive.org (identifier bashar-the-black-box-part-ii-2018-12-01).",https://tv.bashar.org/programs/black-box-part-ii
2018-12-02,Willa and The Winter Spirit,,live session,"Topics tagged on BasharTV: Willa, winter, spirit, cryptic training, Cernunnos, nature spirits, 2019, 2020, 2021, joy, empower. Recording date 2018-12-02 per fan-archived copy on archive.org (identifier bashar-willa-and-the-winter-spirit-2018-12-02).",https://tv.bashar.org/programs/willa-and-the-winter-spirit
2019-02-24,"The Past, Present, Future Are Within You",,live session,"Bashar channeling session titled 'The Past, Present, Future Are Within You', dated 2019-02-24. Catalogued from a fan-archived recording on archive.org; no official synopsis was located on a fetched page, so only the title and date are recorded here.",https://archive.org/details/bashar-the-past-present-future-are-within-you-2019-02-24
2019-03-30,The Five Forms of Abundance,,live session,"Topics tagged on BasharTV: five forms, abundance, reality, new understanding, acceptance, limitations, path for abundance, new. Recording date 2019-03-30 per fan-archived copy on archive.org (identifier bashar-the-five-forms-of-abundance-2019-03-30).",https://tv.bashar.org/programs/five-forms-of-abundance
2019-04-20,Council of 13 and The Crystal Skulls,,live session,"Topics tagged on BasharTV: connections, Council of 13, earth, consciousness, crystal skulls, energies, evolution, hybrid race, storage device, passion, religion, love, burning of Notre Dame, Judaism, Christianity, Jesus, Thoth. Recording date 2019-04-20 per fan-archived copy on archive.org (identifier bashar-the-council-of-13-and-the-crystal-skulls-2019-04-20).",https://tv.bashar.org/programs/council-of-13
2019-05-04,Exploring the Portals of Probabilities,"Las Vegas, Nevada",live session,"Topics tagged on BasharTV: portals, exploring, probabilities, vortex, Las Vegas, connection, experiences, physical reality, alignment, war, conflict, tension. Recording date 2019-05-04 per fan-archived copy on archive.org (identifier bashar-exploring-the-portal-of-probabilities-2019-05-04).",https://tv.bashar.org/programs/exploring-the-portal
2019-05-29,An Afternoon with Bashar - 2019-05-29,BasharTV 'An Afternoon/Evening with Bashar' series (Japanese-language title on BasharTV: バシャールとの午後),live session,Dated session in the 'An Afternoon with Bashar' series listed on BasharTV; the program page gives only the title/date (Japanese title 'バシャールとの午後' on the 'afternoon' entries) and no synopsis.,https://tv.bashar.org/programs/afternoon-may-29-2019
2019-06-21,The Shifting Window of Contact,,live session,"Topics tagged on BasharTV: 2020, political, open contact, action, accelerate, shifting. Recording date 2019-06-21 per fan-archived copy on archive.org (identifier bashar-the-shifting-window-of-contact-2019-06-21).",https://tv.bashar.org/programs/shifting-window-of-contact
2019-06-22,Earth Zero,,live session,"Topics tagged on BasharTV: earth, zero, shifts, parallel universe, navigate. Recording date 2019-06-22 per fan-archived copy on archive.org (identifier bashar-earth-zero-2019-06-22).",https://tv.bashar.org/programs/earth-zero
2019-06-23,Will He or Won't He?,,live session,"Topics tagged on BasharTV: god, religious. Recording date 2019-06-23 per fan-archived copy on archive.org (identifier bashar-will-he-or-wont-he-2019-06-23).",https://tv.bashar.org/programs/will-he-or-wont-he
2019-08-08,An Afternoon with Bashar - 2019-08-08,BasharTV 'An Afternoon/Evening with Bashar' series (Japanese-language title on BasharTV: バシャールとの午後),live session,Dated session in the 'An Afternoon with Bashar' series listed on BasharTV; the program page gives only the title/date (Japanese title 'バシャールとの午後' on the 'afternoon' entries) and no synopsis.,https://tv.bashar.org/programs/afternoon-august-8-2019
2019-09-14,Think Outside The Box,"Sedona, Arizona",live session,"Topics tagged on BasharTV: permission slip, think outside the box, higher-dimensional, fourth density, higher-energy, higher-frequency, Sedona, crystallize. Recording date 2019-09-14 per fan-archived copy on archive.org (identifier bashar-think-outside-the-box-2019-09-14).",https://tv.bashar.org/programs/think-outside-the-box
2019-09-15,Children of The Future,,live session,"Topics tagged on BasharTV: commandments, think outside the box, perspective, raising your vibration, Second Law, past choices, children, future, Jesus, relationship, hybrid, Akashic Records, the formula, permission slips. Recording date 2019-09-15 per fan-archived copy on archive.org (identifier bashar-children-of-the-future-2019-09-15).",https://tv.bashar.org/programs/children-of-the-future
2019-09-25,The 1-3-5-7-11 Download,,live session,"Topics tagged on BasharTV: download, metaphysical, framework, reality, manifest, abundance. Recording date 2019-09-25 per fan-archived copy on archive.org (identifier bashar-the-1-3-5-7-11-download-2019-09-25).",https://tv.bashar.org/programs/1-3-5-7-11-download
2019-10-04,The Last Days of Atlantis,,live session,"Topics tagged on BasharTV: Atlantis, days, transformation, history, ancient past, angels, Orion, patterns, collective consciousness. Recording date 2019-10-04 per fan-archived copy on archive.org (identifier bashar-the-last-days-of-atlantis-2019-10-04).",https://tv.bashar.org/programs/last-days-of-atlantis
2019-10-05,Midnight Under the Hunter's Moon,,live session,"Bashar channeling session titled 'Midnight Under the Hunter's Moon', dated 2019-10-05. Catalogued from a fan-archived recording on archive.org; no official synopsis was located on a fetched page, so only the title and date are recorded here.",https://archive.org/details/bashar-midnight-under-the-hunters-moon-2019-10-05
2019-10-06,The Angels of Orion,,live session,"Bashar channeling session titled 'The Angels of Orion', dated 2019-10-06. Catalogued from a fan-archived recording on archive.org; no official synopsis was located on a fetched page, so only the title and date are recorded here.",https://archive.org/details/bashar-the-angels-of-orion-2019-10-06
2019-10-30,An Afternoon with Bashar - 2019-10-30,BasharTV 'An Afternoon/Evening with Bashar' series (Japanese-language title on BasharTV: バシャールとの午後),live session,Dated session in the 'An Afternoon with Bashar' series listed on BasharTV; the program page gives only the title/date (Japanese title 'バシャールとの午後' on the 'afternoon' entries) and no synopsis.,https://tv.bashar.org/programs/afternoon-october-30-2019
2019-11-04,An Afternoon with Bashar - 2019-11-04,BasharTV 'An Afternoon/Evening with Bashar' series (Japanese-language title on BasharTV: バシャールとの午後),live session,Dated session in the 'An Afternoon with Bashar' series listed on BasharTV; the program page gives only the title/date (Japanese title 'バシャールとの午後' on the 'afternoon' entries) and no synopsis.,https://tv.bashar.org/programs/afternoon-november-4-2019
2019-11-16,Navigating The Splitting Prism,,live session,"Topics tagged on BasharTV: navigation, permission slip, parallel realities, paths, state of being, health, famous people, Joshua trees, chakras, energy. Recording date 2019-11-16 per fan-archived copy on archive.org (identifier bashar-navigating-the-splitting-prism-of-parallel-realities-2019-11-16).",https://tv.bashar.org/programs/navigating-the-splitting-prism
2019-12-06,Dreamworld,,live session,"Topics tagged on BasharTV: dream, world, afterlife, astral realms, reality, consciousness, levels of consciousness. Recording date 2019-12-06 per fan-archived copy on archive.org (identifier bashar-dreamworld-2019-12-06).",https://tv.bashar.org/programs/dreamworld
2019-12-07,Orinoco's Quest,,live session,"Topics tagged on BasharTV: quest, stories, earth, future, Willa, hybrid children. Recording date 2019-12-07 per fan-archived copy on archive.org (identifier bashar-orinocos-quest-2019-12-07).",https://tv.bashar.org/programs/orinocos-quest
2019-12-08,2020 The Eye of The Storm,,live session,"Topics tagged on BasharTV: 2020, storm, change, pandemic, meditation, acceleration, Hercules, spirit, mind, channeling, crystal skulls, Draco constellation, vortex, hybrid children, Joshua Trees, Orinoco's Quest. Recording date 2019-12-08 per fan-archived copy on archive.org (identifier bashar-2020-the-eye-of-the-storm-2019-12-08).",https://tv.bashar.org/programs/eye-of-the-storm
2020-02-10,The Mind-Body Meditation,,live session,"Bashar channeling session titled 'The Mind-Body Meditation', dated 2020-02-10. Catalogued from a fan-archived recording on archive.org; no official synopsis was located on a fetched page, so only the title and date are recorded here.",https://archive.org/details/bashar-the-mind-body-meditation-2020-02-10
2020-04-25,The Eye of The Needle,,live session,"Topics tagged on BasharTV: pandemic, coronavirus, navigating, time, reality, COVID-19. Recording date 2020-04-25 per fan-archived copy on archive.org (identifier bashar-the-eye-of-the-needle-2020-04-25).",https://tv.bashar.org/programs/eye-of-the-needle
2020-05-09,The Parallel Reality Wheel,,live session,"Topics tagged on BasharTV: parallel reality, wheel, future version, preference, senses. Recording date 2020-05-09 per fan-archived copy on archive.org (identifier bashar-the-parallel-reality-wheel-2020-05-09).",https://tv.bashar.org/programs/parallel-reality-wheel
2020-05-23,The Transmission Has No Title,,live session,"Topics tagged on BasharTV: open space, preconception, co-create, space, earth, universe, labs, pandemic, voting, parallel realities, law of attraction, shape shifting, nature spirits, 2012 splitting prism. Recording date 2020-05-23 per fan-archived copy on archive.org (identifier bashar-this-transmission-has-no-title-2020-05-23).",https://tv.bashar.org/programs/this-transmission-has-no-title
2020-06-20,Fairy Tales for Grown-Ups,,live session,"Topics tagged on BasharTV: stories, the spinning wheel, Sleeping Beauty, Rumpelstiltskin, probabilities, beliefs, decoding, symbolism, Covid, golden ratios, Gamma state. Recording date 2020-06-20 per fan-archived copy on archive.org (identifier bashar-fairy-tales-for-grownups-2020-06-20).",https://tv.bashar.org/programs/fairy-tales-for-grown-ups
2020-06-26,An Afternoon with Bashar - 2020-06-26,BasharTV 'An Afternoon/Evening with Bashar' series (Japanese-language title on BasharTV: バシャールとの午後),live session,Dated session in the 'An Afternoon with Bashar' series listed on BasharTV; the program page gives only the title/date (Japanese title 'バシャールとの午後' on the 'afternoon' entries) and no synopsis.,https://tv.bashar.org/programs/afternoon-june-26-2020
2020-07-18,1 3 5 7 11 A Refresher Course,,live session,"Bashar channeling session titled '1 3 5 7 11 A Refresher Course', dated 2020-07-18. Catalogued from a fan-archived recording on archive.org; no official synopsis was located on a fetched page, so only the title and date are recorded here.",https://archive.org/details/bashar-1-3-5-7-11-a-refresher-course-2020-07-18
2020-07-22,An Afternoon with Bashar - 2020-07-22,BasharTV 'An Afternoon/Evening with Bashar' series (Japanese-language title on BasharTV: バシャールとの午後),live session,Dated session in the 'An Afternoon with Bashar' series listed on BasharTV; the program page gives only the title/date (Japanese title 'バシャールとの午後' on the 'afternoon' entries) and no synopsis.,https://tv.bashar.org/programs/afternoon-july-22-2020
2020-08-15,Increasing The Probability of Contact,,live session,"Topics tagged on BasharTV: hybrid children, social distancing, energy, vibration, contact, permission slip, Sassani, Eye of the Needle, evolving, pandemic, Bell Rock, healing, open contact. Recording date 2020-08-15 per fan-archived copy on archive.org (identifier bashar-increasing-the-probability-of-contact-2020-08-15).",https://tv.bashar.org/programs/increasing-the-probability
2020-08-21,An Afternoon with Bashar - 2020-08-21,BasharTV 'An Afternoon/Evening with Bashar' series (Japanese-language title on BasharTV: バシャールとの午後),live session,Dated session in the 'An Afternoon with Bashar' series listed on BasharTV; the program page gives only the title/date (Japanese title 'バシャールとの午後' on the 'afternoon' entries) and no synopsis.,https://tv.bashar.org/programs/afternoon-august-21-2020
2020-09-01,An Afternoon with Bashar - 2020-09-01,BasharTV 'An Afternoon/Evening with Bashar' series (Japanese-language title on BasharTV: バシャールとの午後),live session,Dated session in the 'An Afternoon with Bashar' series listed on BasharTV; the program page gives only the title/date (Japanese title 'バシャールとの午後' on the 'afternoon' entries) and no synopsis.,https://tv.bashar.org/programs/afternoon-september-1-2020
2020-09-04,An Afternoon with Bashar - 2020-09-04,BasharTV 'An Afternoon/Evening with Bashar' series (Japanese-language title on BasharTV: バシャールとの午後),live session,Dated session in the 'An Afternoon with Bashar' series listed on BasharTV; the program page gives only the title/date (Japanese title 'バシャールとの午後' on the 'afternoon' entries) and no synopsis.,https://tv.bashar.org/programs/afternoon-september-4-2020
2020-09-12,The Relationship Between Fear and Power,,live session,"Topics tagged on BasharTV: fear, negative beliefs, beliefs, energy, positive, empowerment, short circuit, vibration, trinity, ego, toxicity, power, hybrid children, hybrid agenda, permission slip, crystal skull. Recording date 2020-09-12 per fan-archived copy on archive.org (identifier bashar-the-relationship-between-fear-and-power-2020-09-12).",https://tv.bashar.org/programs/relationship-between-fear
2020-10-02,An Evening with Bashar - 2020-10-02,BasharTV 'An Afternoon/Evening with Bashar' series (Japanese-language title on BasharTV: バシャールとの午後),live session,Dated session in the 'An Evening with Bashar' series listed on BasharTV; the program page gives only the title/date (Japanese title 'バシャールとの午後' on the 'afternoon' entries) and no synopsis.,https://tv.bashar.org/programs/evening-october-2-2020
2020-10-10,ET Neighbors,,live session,"Topics tagged on BasharTV: Tarot system, ET, probability of contact, contact, hybrid children, Mayans, civilizations, DNA, Sassani civilization, manifesting, energy, war, conflict, tension. Recording date 2020-10-10 per fan-archived copy on archive.org (identifier bashar-your-et-neighbors-2020-10-10).",https://tv.bashar.org/programs/your-et-neighbors
2020-10-16,An Afternoon with Bashar - 2020-10-16,BasharTV 'An Afternoon/Evening with Bashar' series (Japanese-language title on BasharTV: バシャールとの午後),live session,Dated session in the 'An Afternoon with Bashar' series listed on BasharTV; the program page gives only the title/date (Japanese title 'バシャールとの午後' on the 'afternoon' entries) and no synopsis.,https://tv.bashar.org/programs/afternoon-october-16-2020
2020-11-07,"State of Being, Circumstances, and Synchronicity",,live session,"Topics tagged on BasharTV: density, tools, synchronicity, preferred self, Uva civilization, Oversoul, compromise, pandemic, crystal skull, self sabotage, manifesting, heartbreak, blue skin, war, tension, conflict. Recording date 2020-11-07 per fan-archived copy on archive.org (identifier bashar-state-of-being-circumstances-and-synchronicity-2020-11-07).",https://tv.bashar.org/programs/state-of-being
2020-11-10,An Afternoon with Bashar - 2020-11-10,BasharTV 'An Afternoon/Evening with Bashar' series (Japanese-language title on BasharTV: バシャールとの午後),live session,Dated session in the 'An Afternoon with Bashar' series listed on BasharTV; the program page gives only the title/date (Japanese title 'バシャールとの午後' on the 'afternoon' entries) and no synopsis.,https://tv.bashar.org/programs/afternoon-november-10-2020
2020-12-04,An Afternoon with Bashar - 2020-12-04,BasharTV 'An Afternoon/Evening with Bashar' series (Japanese-language title on BasharTV: バシャールとの午後),live session,Dated session in the 'An Afternoon with Bashar' series listed on BasharTV; the program page gives only the title/date (Japanese title 'バシャールとの午後' on the 'afternoon' entries) and no synopsis.,https://tv.bashar.org/programs/afternoon-december-4-2020
2020-12-05,Tis The Season,,live session,"Topics tagged on BasharTV: massive global changes, impacts, permission slip, contact, increase polarity, fourth density, war, tension, conflict. Recording date 2020-12-05 per fan-archived copy on archive.org (identifier bashar-tis-the-season-2020-12-05).",https://tv.bashar.org/programs/tis-the-season
2020-12-18,An Afternoon with Bashar - 2020-12-18,BasharTV 'An Afternoon/Evening with Bashar' series (Japanese-language title on BasharTV: バシャールとの午後),live session,Dated session in the 'An Afternoon with Bashar' series listed on BasharTV; the program page gives only the title/date (Japanese title 'バシャールとの午後' on the 'afternoon' entries) and no synopsis.,https://tv.bashar.org/programs/afternoon-december-18-2020
2021,Bashar at The Conscious Life Expo 2021,"Conscious Life Expo, Los Angeles",conference,Listed on BasharTV (no topic tags or synopsis exposed on the program page). Year taken from the program title.,https://tv.bashar.org/programs/conscious-life-2021
2021-01-29,An Afternoon with Bashar - 2021-01-29,BasharTV 'An Afternoon/Evening with Bashar' series (Japanese-language title on BasharTV: バシャールとの午後),live session,Dated session in the 'An Afternoon with Bashar' series listed on BasharTV; the program page gives only the title/date (Japanese title 'バシャールとの午後' on the 'afternoon' entries) and no synopsis.,https://tv.bashar.org/programs/afternoon-january-29-2021
2021-01-30,Let's Get High,,live session,"Topics tagged on BasharTV: wave of transformation, change accelerating, follow your excitement, negative energy, extinct species. Recording date 2021-01-30 per fan-archived copy on archive.org (identifier bashar-lets-get-h.-i.-g.-h.-2021-01-30).",https://tv.bashar.org/programs/lets-get-high
2021-02-23,An Afternoon with Bashar - 2021-02-23,BasharTV 'An Afternoon/Evening with Bashar' series (Japanese-language title on BasharTV: バシャールとの午後),live session,Dated session in the 'An Afternoon with Bashar' series listed on BasharTV; the program page gives only the title/date (Japanese title 'バシャールとの午後' on the 'afternoon' entries) and no synopsis.,https://tv.bashar.org/programs/afternoon-february-23-2021
2021-02-27,The Conundrum,,live session,"Topics tagged on BasharTV: outside the box, vibrations, frequencies, permission slips, physical reality, fifth density, soul, Grays, All That Is, war, conflict, tension. Recording date 2021-02-27 per fan-archived copy on archive.org (identifier bashar-the-conundrum-2021-02-27).",https://tv.bashar.org/programs/conundrum
2021-03-05,An Afternoon with Bashar - 2021-03-05,BasharTV 'An Afternoon/Evening with Bashar' series (Japanese-language title on BasharTV: バシャールとの午後),live session,Dated session in the 'An Afternoon with Bashar' series listed on BasharTV; the program page gives only the title/date (Japanese title 'バシャールとの午後' on the 'afternoon' entries) and no synopsis.,https://tv.bashar.org/programs/afternoon-march-5-2021
2021-03-19,An Afternoon with Bashar - 2021-03-19,BasharTV 'An Afternoon/Evening with Bashar' series (Japanese-language title on BasharTV: バシャールとの午後),live session,Dated session in the 'An Afternoon with Bashar' series listed on BasharTV; the program page gives only the title/date (Japanese title 'バシャールとの午後' on the 'afternoon' entries) and no synopsis.,https://tv.bashar.org/programs/afternoon-march-19-2021
2021-03-23,An Afternoon with Bashar - 2021-03-23,BasharTV 'An Afternoon/Evening with Bashar' series (Japanese-language title on BasharTV: バシャールとの午後),live session,Dated session in the 'An Afternoon with Bashar' series listed on BasharTV; the program page gives only the title/date (Japanese title 'バシャールとの午後' on the 'afternoon' entries) and no synopsis.,https://tv.bashar.org/programs/afternoon-march-23-2021
2021-03-27,"The Forest Path, The Animal Path and The Elemental Path",,live session,"Topics tagged on BasharTV: Willa, realm of communication, Earth Elementals, nature spirits, Cryptic, Journey of Mastery, The Formula. Recording date 2021-03-27 per fan-archived copy on archive.org (identifier bashar-the-forest-path-the-animal-path-and-the-elemental-path-2021-03-27).",https://tv.bashar.org/programs/forest-path
2021-04-27,A Step Along The Way,,live session,"Topics tagged on BasharTV: synchronism, following your passion, fulfillment, overcome challenges, awakening process, negative polarity. Recording date 2021-04-27 per fan-archived copy on archive.org (identifier bashar-a-step-along-the-way-2021-04-27).",https://tv.bashar.org/programs/step-along-the-way
2021-05-14,An Afternoon with Bashar - 2021-05-14,BasharTV 'An Afternoon/Evening with Bashar' series (Japanese-language title on BasharTV: バシャールとの午後),live session,Dated session in the 'An Afternoon with Bashar' series listed on BasharTV; the program page gives only the title/date (Japanese title 'バシャールとの午後' on the 'afternoon' entries) and no synopsis.,https://tv.bashar.org/programs/afternoon-may-14-2021
2021-05-22,Tell Them Bashar Sent You,,live session,"Topics tagged on BasharTV: probability of contact, tools, preparing contact, prism split, unimagined doors, Oracle of Delphi, Sirius, future, open contact. Recording date 2021-05-22 per fan-archived copy on archive.org (identifier bashar-tell-them-bashar-sent-you-2021-05-22).",https://tv.bashar.org/programs/tell-them-bashar-sent-you
2021-06-19,"Reincarnation, A Deeper Explanation",,live session,"Topics tagged on BasharTV: past and future, most fulfilled versions, incarnations, connections, oversoul, Third Reality, splitting prism, Buddhism, religion, psychics, All Seeing Eye. Recording date 2021-06-19 per fan-archived copy on archive.org (identifier bashar-reincarnation-a-deeper-explanation-2021-06-19).",https://tv.bashar.org/programs/reincarnation
2021-06-22,An Afternoon with Bashar - 2021-06-22,BasharTV 'An Afternoon/Evening with Bashar' series (Japanese-language title on BasharTV: バシャールとの午後),live session,Dated session in the 'An Afternoon with Bashar' series listed on BasharTV; the program page gives only the title/date (Japanese title 'バシャールとの午後' on the 'afternoon' entries) and no synopsis.,https://tv.bashar.org/programs/afternoon-june-22-2021
2021-06-29,An Afternoon with Bashar - 2021-06-29,BasharTV 'An Afternoon/Evening with Bashar' series (Japanese-language title on BasharTV: バシャールとの午後),live session,Dated session in the 'An Afternoon with Bashar' series listed on BasharTV; the program page gives only the title/date (Japanese title 'バシャールとの午後' on the 'afternoon' entries) and no synopsis.,https://tv.bashar.org/programs/afternoon-june-29-2021
2021-07-13,An Afternoon with Bashar - 2021-07-13,BasharTV 'An Afternoon/Evening with Bashar' series (Japanese-language title on BasharTV: バシャールとの午後),live session,Dated session in the 'An Afternoon with Bashar' series listed on BasharTV; the program page gives only the title/date (Japanese title 'バシャールとの午後' on the 'afternoon' entries) and no synopsis.,https://tv.bashar.org/programs/afternoon-july-13-2021
2021-07-16,An Afternoon with Bashar - 2021-07-16,BasharTV 'An Afternoon/Evening with Bashar' series (Japanese-language title on BasharTV: バシャールとの午後),live session,Dated session in the 'An Afternoon with Bashar' series listed on BasharTV; the program page gives only the title/date (Japanese title 'バシャールとの午後' on the 'afternoon' entries) and no synopsis.,https://tv.bashar.org/programs/afternoon-july-16-2021
2021-07-24,Breaking News,,live session,"Topics tagged on BasharTV: UFO sightings, galactic citizens, media coverage, contact, the Preparers, the Precursors, reincarnate, stepping stone, conspiracy theories, open contact, religion, soul levels, Buddhism. Recording date 2021-07-24 per fan-archived copy on archive.org (identifier bashar-breaking-news-2021-07-24).",https://tv.bashar.org/programs/breaking-news
2021-08-21,The Infinite Restaurant,,live session,"Topics tagged on BasharTV: past, present, and future, oversoul perspective, energetic buffet, splitting prism, permission slips, karma. Recording date 2021-08-21 per fan-archived copy on archive.org (identifier bashar-the-infinite-restaurant-2021-08-21).",https://tv.bashar.org/programs/infinite-restaurant
2021-09-07,An Afternoon with Bashar - 2021-09-07,BasharTV 'An Afternoon/Evening with Bashar' series (Japanese-language title on BasharTV: バシャールとの午後),live session,Dated session in the 'An Afternoon with Bashar' series listed on BasharTV; the program page gives only the title/date (Japanese title 'バシャールとの午後' on the 'afternoon' entries) and no synopsis.,https://tv.bashar.org/programs/afternoon-september-7-2021
2021-09-18,The Shells of Earth,,live session,"Topics tagged on BasharTV: vibration layers, energy, levels of consciousness, Earth layers, awareness. Recording date 2021-09-18 per fan-archived copy on archive.org (identifier bashar-the-shells-of-earth-2021-09-18_202406).",https://tv.bashar.org/programs/shells-of-earth
2021-09-21,An Afternoon with Bashar - 2021-09-21,BasharTV 'An Afternoon/Evening with Bashar' series (Japanese-language title on BasharTV: バシャールとの午後),live session,Dated session in the 'An Afternoon with Bashar' series listed on BasharTV; the program page gives only the title/date (Japanese title 'バシャールとの午後' on the 'afternoon' entries) and no synopsis.,https://tv.bashar.org/programs/afternoon-september-21-2021
2021-10-01,An Evening with Bashar - 2021-10-01,BasharTV 'An Afternoon/Evening with Bashar' series (Japanese-language title on BasharTV: バシャールとの午後),live session,Dated session in the 'An Evening with Bashar' series listed on BasharTV; the program page gives only the title/date (Japanese title 'バシャールとの午後' on the 'afternoon' entries) and no synopsis.,https://tv.bashar.org/programs/evening-october-1-2021
2021-10-20,An Evening with Bashar - 2021-10-20,BasharTV 'An Afternoon/Evening with Bashar' series (Japanese-language title on BasharTV: バシャールとの午後),live session,Dated session in the 'An Evening with Bashar' series listed on BasharTV; the program page gives only the title/date (Japanese title 'バシャールとの午後' on the 'afternoon' entries) and no synopsis.,https://tv.bashar.org/programs/evening-october-20-2021
2021-10-23,Sweet Dreams: What Happens When You Sleep,,live session,"Topics tagged on BasharTV: Halloween, sleep, dream state, stories, dream cycles, nightmares, alchemy breath, The Formula. Recording date 2021-10-23 per fan-archived copy on archive.org (identifier bashar-sweet-dreams-what-happens-when-you-sleep-2021-10-23).",https://tv.bashar.org/programs/sweet-dreams
2021-11-02,An Evening with Bashar - 2021-11-02,BasharTV 'An Afternoon/Evening with Bashar' series (Japanese-language title on BasharTV: バシャールとの午後),live session,Dated session in the 'An Evening with Bashar' series listed on BasharTV; the program page gives only the title/date (Japanese title 'バシャールとの午後' on the 'afternoon' entries) and no synopsis.,https://tv.bashar.org/programs/evening-november-2-2021
2021-11-20,The Archetypes of God,,live session,"Topics tagged on BasharTV: open contact, types of god, All That Is, expand consciousness, raise vibrations, Eye of the Needle, The One. Recording date 2021-11-20 per fan-archived copy on archive.org (identifier bashar-the-archetypes-of-god-2021-11-20).",https://tv.bashar.org/programs/archetypes-of-god
2021-12-10,An Afternoon with Bashar - 2021-12-10,BasharTV 'An Afternoon/Evening with Bashar' series (Japanese-language title on BasharTV: バシャールとの午後),live session,Dated session in the 'An Afternoon with Bashar' series listed on BasharTV; the program page gives only the title/date (Japanese title 'バシャールとの午後' on the 'afternoon' entries) and no synopsis.,https://tv.bashar.org/programs/afternoon-december-10-2021
2021-12-11,An Afternoon with Bashar - 2021-12-11,BasharTV 'An Afternoon/Evening with Bashar' series (Japanese-language title on BasharTV: バシャールとの午後),live session,Dated session in the 'An Afternoon with Bashar' series listed on BasharTV; the program page gives only the title/date (Japanese title 'バシャールとの午後' on the 'afternoon' entries) and no synopsis.,https://tv.bashar.org/programs/afternoon-december-11-2021
2021-12-18,Mirror Mirror Reflections,,live session,"Topics tagged on BasharTV: Eye of the Needle, Window of Open Contact, permission slip, deeper connection, higher minds, forms of abundance, open contact. Recording date 2021-12-18 per fan-archived copy on archive.org (identifier bashar-mirror-mirror-reflections-2021-12-18).",https://tv.bashar.org/programs/mirror-mirror-reflections
2022,Bashar at The Conscious Life Expo 2022,"Conscious Life Expo, Los Angeles",conference,Listed on BasharTV (no topic tags or synopsis exposed on the program page). Year taken from the program title.,https://tv.bashar.org/programs/conscious-life-2022
2022-01-29,Why Are You Here in Physical Reality?,,live session,"Topics tagged on BasharTV: physical experience, awaken, great change, navigating physical life, Reptilian, astrophysicists, health, electromagnetic field. Recording date 2022-01-29 per fan-archived copy on archive.org (identifier bashar-why-are-you-here-in-physical-reality-2022-01-29).",https://tv.bashar.org/programs/why-are-you-here-in-physical-reality
2022-02-26,Matters of The Heart,,live session,"Topics tagged on BasharTV: unconditional love, compassion, manifesting, belief systems, personality, higher mind, splitting prism, The Formula, chakras, open contact, war, conflict, tension. Recording date 2022-02-26 per fan-archived copy on archive.org (identifier bashar-matters-of-the-heart-2022-02-26).",https://tv.bashar.org/programs/matters-of-the-heart
2022-03-04,An Afternoon with Bashar - 2022-03-04,BasharTV 'An Afternoon/Evening with Bashar' series (Japanese-language title on BasharTV: バシャールとの午後),live session,Dated session in the 'An Afternoon with Bashar' series listed on BasharTV; the program page gives only the title/date (Japanese title 'バシャールとの午後' on the 'afternoon' entries) and no synopsis.,https://tv.bashar.org/programs/afternoon-march-4-2022
2022-03-26,Guilt and Responsibility,,live session,"Topics tagged on BasharTV: Eye of the Needle, last phase, limiting beliefs, empowerment, letting go, shifting excitements, religion, Biblical stories, Atlantis, Christianity, war. Recording date 2022-03-26 per fan-archived copy on archive.org (identifier bashar-the-difference-between-guilt-and-responsibility-2022-03-26).",https://tv.bashar.org/programs/the-difference-between
2022-04-01,An Afternoon with Bashar - 2022-04-01,BasharTV 'An Afternoon/Evening with Bashar' series (Japanese-language title on BasharTV: バシャールとの午後),live session,Dated session in the 'An Afternoon with Bashar' series listed on BasharTV; the program page gives only the title/date (Japanese title 'バシャールとの午後' on the 'afternoon' entries) and no synopsis.,https://tv.bashar.org/programs/afternoon-april-1-2022
2022-04-23,The Real Definition of Karma,,live session,"Topics tagged on BasharTV: guilt, responsibility, karma, astrology, splitting realities, Evil Eye symbol, Sirius symbol. Recording date 2022-04-23 per fan-archived copy on archive.org (identifier bashar-the-real-definition-of-karma-2022-04-23).",https://tv.bashar.org/programs/real-definition-of-karma
2022-05-13,An Afternoon with Bashar - 2022-05-13,BasharTV 'An Afternoon/Evening with Bashar' series (Japanese-language title on BasharTV: バシャールとの午後),live session,Dated session in the 'An Afternoon with Bashar' series listed on BasharTV; the program page gives only the title/date (Japanese title 'バシャールとの午後' on the 'afternoon' entries) and no synopsis.,https://tv.bashar.org/programs/afternoon-may-13-2022
2022-05-21,Deconstruction of the Physical Mind,,live session,"Topics tagged on BasharTV: the conscious, subconscious, unconscious minds, belief systems, parallel realities, splitting prism, guilt, higher mind. Recording date 2022-05-21 per fan-archived copy on archive.org (identifier bashar-the-deconstruction-of-the-physical-mind-2022-05-21).",https://tv.bashar.org/programs/deconstruction
2022-06-25,How The Oversoul Works,,live session,"Topics tagged on BasharTV: oversoul, central core of consciousness, spiritual connections, chakras, All That Is. Recording date 2022-06-25 per fan-archived copy on archive.org (identifier bashar-how-the-oversoul-works-2022-06-25).",https://tv.bashar.org/programs/how-the-oversoul-works
2022-07-30,Hidden History,,live session,"Topics tagged on BasharTV: Atlantean disaster, Atlantis, survivors, ancient history, records, 4th density, reflection, war, conflict, tension. Recording date 2022-07-30 per fan-archived copy on archive.org (identifier bashar-hidden-history-2022-07-30).",https://tv.bashar.org/programs/hidden-history
2022-08-10,An Afternoon with Bashar - 2022-08-10,BasharTV 'An Afternoon/Evening with Bashar' series (Japanese-language title on BasharTV: バシャールとの午後),live session,Dated session in the 'An Afternoon with Bashar' series listed on BasharTV; the program page gives only the title/date (Japanese title 'バシャールとの午後' on the 'afternoon' entries) and no synopsis.,https://tv.bashar.org/programs/afternoon-august-10-2022
2022-08-15,An Afternoon with Bashar - 2022-08-15,BasharTV 'An Afternoon/Evening with Bashar' series (Japanese-language title on BasharTV: バシャールとの午後),live session,Dated session in the 'An Afternoon with Bashar' series listed on BasharTV; the program page gives only the title/date (Japanese title 'バシャールとの午後' on the 'afternoon' entries) and no synopsis.,https://tv.bashar.org/programs/afternoon-august-15-2022
2022-08-17,An Evening with Bashar - 2022-08-17,BasharTV 'An Afternoon/Evening with Bashar' series (Japanese-language title on BasharTV: バシャールとの午後),live session,Dated session in the 'An Evening with Bashar' series listed on BasharTV; the program page gives only the title/date (Japanese title 'バシャールとの午後' on the 'afternoon' entries) and no synopsis.,https://tv.bashar.org/programs/evening-august-17-2022
2022-08-27,The Gray Zone,,live session,"Topics tagged on BasharTV: Akashic records, the Gray, reincarnation, metaphysical ideas, window of open contact, Bermuda Triangle, remote viewing, war, conflict, tension. Recording date 2022-08-27 per fan-archived copy on archive.org (identifier bashar-the-gray-zone-2022-08-27).",https://tv.bashar.org/programs/gray-zone
2022-09-06,An Evening with Bashar - 2022-09-06,BasharTV 'An Afternoon/Evening with Bashar' series (Japanese-language title on BasharTV: バシャールとの午後),live session,Dated session in the 'An Evening with Bashar' series listed on BasharTV; the program page gives only the title/date (Japanese title 'バシャールとの午後' on the 'afternoon' entries) and no synopsis.,https://tv.bashar.org/programs/evening-september-6-2022
2022-09-14,An Afternoon with Bashar - 2022-09-14,BasharTV 'An Afternoon/Evening with Bashar' series (Japanese-language title on BasharTV: バシャールとの午後),live session,Dated session in the 'An Afternoon with Bashar' series listed on BasharTV; the program page gives only the title/date (Japanese title 'バシャールとの午後' on the 'afternoon' entries) and no synopsis.,https://tv.bashar.org/programs/afternoon-september-14-2022
2022-09-19,An Afternoon with Bashar - 2022-09-19,BasharTV 'An Afternoon/Evening with Bashar' series (Japanese-language title on BasharTV: バシャールとの午後),live session,Dated session in the 'An Afternoon with Bashar' series listed on BasharTV; the program page gives only the title/date (Japanese title 'バシャールとの午後' on the 'afternoon' entries) and no synopsis.,https://tv.bashar.org/programs/afternoon-september-19-2022
2022-09-22,An Afternoon with Bashar - 2022-09-22,BasharTV 'An Afternoon/Evening with Bashar' series (Japanese-language title on BasharTV: バシャールとの午後),live session,Dated session in the 'An Afternoon with Bashar' series listed on BasharTV; the program page gives only the title/date (Japanese title 'バシャールとの午後' on the 'afternoon' entries) and no synopsis.,https://tv.bashar.org/programs/afternoon-september-22-2022
2022-09-24,Resonance: The Mechanism of Connection,,live session,"Topics tagged on BasharTV: frequency, vibrations, energy, consciousness, oversoul, nature spirits, The 5th Law, civilizations. Recording date 2022-09-24 per fan-archived copy on archive.org (identifier bashar-resonance-the-mechanism-of-reflection-2022-09-24).",https://tv.bashar.org/programs/resonance-the-mechanism-of-connection
2022-10-10,An Afternoon with Bashar - 2022-10-10,BasharTV 'An Afternoon/Evening with Bashar' series (Japanese-language title on BasharTV: バシャールとの午後),live session,Dated session in the 'An Afternoon with Bashar' series listed on BasharTV; the program page gives only the title/date (Japanese title 'バシャールとの午後' on the 'afternoon' entries) and no synopsis.,https://tv.bashar.org/programs/afternoon-october-10-2022
2022-10-12,An Afternoon with Bashar - 2022-10-12,BasharTV 'An Afternoon/Evening with Bashar' series (Japanese-language title on BasharTV: バシャールとの午後),live session,Dated session in the 'An Afternoon with Bashar' series listed on BasharTV; the program page gives only the title/date (Japanese title 'バシャールとの午後' on the 'afternoon' entries) and no synopsis.,https://tv.bashar.org/programs/afternoon-october-12-2022
2022-10-22,Ghosts,,live session,"Topics tagged on BasharTV: Halloween, prefer reality, supernatural, belief systems, planetary grid system. Recording date 2022-10-22 per fan-archived copy on archive.org (identifier bashar-ghosts-2022-10-22).",https://tv.bashar.org/programs/ghosts
2022-10-24,An Afternoon with Bashar - 2022-10-24,BasharTV 'An Afternoon/Evening with Bashar' series (Japanese-language title on BasharTV: バシャールとの午後),live session,Dated session in the 'An Afternoon with Bashar' series listed on BasharTV; the program page gives only the title/date (Japanese title 'バシャールとの午後' on the 'afternoon' entries) and no synopsis.,https://tv.bashar.org/programs/afternoon-october24-2022
2022-10-25,An Afternoon with Bashar - 2022-10-25,BasharTV 'An Afternoon/Evening with Bashar' series (Japanese-language title on BasharTV: バシャールとの午後),live session,Dated session in the 'An Afternoon with Bashar' series listed on BasharTV; the program page gives only the title/date (Japanese title 'バシャールとの午後' on the 'afternoon' entries) and no synopsis.,https://tv.bashar.org/programs/afternoon-october-25-2022
2022-11-09,An Afternoon with Bashar - 2022-11-09,BasharTV 'An Afternoon/Evening with Bashar' series (Japanese-language title on BasharTV: バシャールとの午後),live session,Dated session in the 'An Afternoon with Bashar' series listed on BasharTV; the program page gives only the title/date (Japanese title 'バシャールとの午後' on the 'afternoon' entries) and no synopsis.,https://tv.bashar.org/programs/afternoon-november-9-2022
2022-11-14,An Afternoon with Bashar - 2022-11-14,BasharTV 'An Afternoon/Evening with Bashar' series (Japanese-language title on BasharTV: バシャールとの午後),live session,Dated session in the 'An Afternoon with Bashar' series listed on BasharTV; the program page gives only the title/date (Japanese title 'バシャールとの午後' on the 'afternoon' entries) and no synopsis.,https://tv.bashar.org/programs/afternoon-november-14-2022
2022-11-19,The Thanksgiving Message,,live session,"Topics tagged on BasharTV: positive theme, true self, prefer reality, vortex, the Grays, history, alignments. Recording date 2022-11-19 per fan-archived copy on archive.org (identifier bashar-the-thanksgiving-message-2022-11-19).",https://tv.bashar.org/programs/thanksgiving-message
2022-11-30,An Afternoon with Bashar - 2022-11-30,BasharTV 'An Afternoon/Evening with Bashar' series (Japanese-language title on BasharTV: バシャールとの午後),live session,Dated session in the 'An Afternoon with Bashar' series listed on BasharTV; the program page gives only the title/date (Japanese title 'バシャールとの午後' on the 'afternoon' entries) and no synopsis.,https://tv.bashar.org/programs/afternoon-november-30-2022
2022-12-07,An Afternoon with Bashar - 2022-12-07,BasharTV 'An Afternoon/Evening with Bashar' series (Japanese-language title on BasharTV: バシャールとの午後),live session,Dated session in the 'An Afternoon with Bashar' series listed on BasharTV; the program page gives only the title/date (Japanese title 'バシャールとの午後' on the 'afternoon' entries) and no synopsis.,https://tv.bashar.org/programs/afternoon-december-7-2022
2022-12-17,"The Window, The Door & The Gate",,live session,"Topics tagged on BasharTV: permission slips, prepare for contact, increased contact, raise vibration, Motivational Mechanism, Sacred Circuits, war, tension, conflict. Recording date 2022-12-17 per fan-archived copy on archive.org (identifier bashar-the-window-the-door-and-the-gate-2022-12-17).",https://tv.bashar.org/programs/window-the-door-the-gate
2023,Bashar at The Conscious Life Expo 2023,"Conscious Life Expo, Los Angeles",conference,Listed on BasharTV (no topic tags or synopsis exposed on the program page). Year taken from the program title.,https://tv.bashar.org/programs/conscious-life-2023
2023-01-20,An Afternoon with Bashar - 2023-01-20,BasharTV 'An Afternoon/Evening with Bashar' series (Japanese-language title on BasharTV: バシャールとの午後),live session,Dated session in the 'An Afternoon with Bashar' series listed on BasharTV; the program page gives only the title/date (Japanese title 'バシャールとの午後' on the 'afternoon' entries) and no synopsis.,https://tv.bashar.org/programs/afternoon-january-20-2023
2023-01-28,"Becoming a Galactic Citizen, Part 1, The Window",,live session,"Topics tagged on BasharTV: contact, permission slips, energies align, exercises, preparation, chakras, The Five Levels of Mastery, reincarnate, open contact. Recording date 2023-01-28 per fan-archived copy on archive.org (identifier bashar-becoming-a-galactic-citizen-part-1-2023-01-28).",https://tv.bashar.org/programs/galactic-citizen-part-1
2023-02-01,An Afternoon with Bashar - 2023-02-01,BasharTV 'An Afternoon/Evening with Bashar' series (Japanese-language title on BasharTV: バシャールとの午後),live session,Dated session in the 'An Afternoon with Bashar' series listed on BasharTV; the program page gives only the title/date (Japanese title 'バシャールとの午後' on the 'afternoon' entries) and no synopsis.,https://tv.bashar.org/programs/afternoon-february-1-2023
2023-02-17,An Afternoon with Bashar - 2023-02-17,BasharTV 'An Afternoon/Evening with Bashar' series (Japanese-language title on BasharTV: バシャールとの午後),live session,Dated session in the 'An Afternoon with Bashar' series listed on BasharTV; the program page gives only the title/date (Japanese title 'バシャールとの午後' on the 'afternoon' entries) and no synopsis.,https://tv.bashar.org/programs/afternoon-february-17-2023
2023-03-01,An Afternoon with Bashar - 2023-03-01,BasharTV 'An Afternoon/Evening with Bashar' series (Japanese-language title on BasharTV: バシャールとの午後),live session,Dated session in the 'An Afternoon with Bashar' series listed on BasharTV; the program page gives only the title/date (Japanese title 'バシャールとの午後' on the 'afternoon' entries) and no synopsis.,https://tv.bashar.org/programs/afternoon-march-1-2023
2023-03-04,"Becoming a Galactic Citizen, Part 2, The Door",,live session,"Topics tagged on BasharTV: awareness, contact, energy, discovery, spiritual guide, core beliefs, movie Contact, the Higher Mind, open contact, religion, soul, Jodie Foster, Bell Rock, war, tension, conflict. Recording date 2023-03-04 per fan-archived copy on archive.org (identifier bashar-becoming-a-galactic-citizen-part-2-2023-03-04).",https://tv.bashar.org/programs/galactic-citizen-part-2
2023-03-15,An Evening with Bashar - 2023-03-15,BasharTV 'An Afternoon/Evening with Bashar' series (Japanese-language title on BasharTV: バシャールとの午後),live session,Dated session in the 'An Evening with Bashar' series listed on BasharTV; the program page gives only the title/date (Japanese title 'バシャールとの午後' on the 'afternoon' entries) and no synopsis.,https://tv.bashar.org/programs/evening-march-15-2023
2023-03-25,"Becoming a Galactic Citizen Part 3, The Gate",,live session,"Topics tagged on BasharTV: contact, vibration, negative energies, hybridization, open contact. Recording date 2023-03-25 per fan-archived copy on archive.org (identifier bashar-becoming-a-galactic-citizen-part-3-2023-03-25).",https://tv.bashar.org/programs/galactic-citizen-part-3
2023-03-29,An Evening with Bashar - 2023-03-29,BasharTV 'An Afternoon/Evening with Bashar' series (Japanese-language title on BasharTV: バシャールとの午後),live session,Dated session in the 'An Evening with Bashar' series listed on BasharTV; the program page gives only the title/date (Japanese title 'バシャールとの午後' on the 'afternoon' entries) and no synopsis.,https://tv.bashar.org/programs/evening-march-29-2023
2023-04-12,An Afternoon with Bashar - 2023-04-12,BasharTV 'An Afternoon/Evening with Bashar' series (Japanese-language title on BasharTV: バシャールとの午後),live session,Dated session in the 'An Afternoon with Bashar' series listed on BasharTV; the program page gives only the title/date (Japanese title 'バシャールとの午後' on the 'afternoon' entries) and no synopsis.,https://tv.bashar.org/programs/afternoon-april-12-2023
2023-04-29,Persistence of Vision,,live session,"Topics tagged on BasharTV: vibration, true passion, persistence of vision, probability of contact, the formula, instruction manual. Recording date 2023-04-29 per fan-archived copy on archive.org (identifier bashar-persistence-of-vision-2023-04-29).",https://tv.bashar.org/programs/persistence-of-vision
2023-05-03,An Afternoon with Bashar - 2023-05-03,BasharTV 'An Afternoon/Evening with Bashar' series (Japanese-language title on BasharTV: バシャールとの午後),live session,Dated session in the 'An Afternoon with Bashar' series listed on BasharTV; the program page gives only the title/date (Japanese title 'バシャールとの午後' on the 'afternoon' entries) and no synopsis.,https://tv.bashar.org/programs/afternoon-may-3-2023
2023-05-27,The Two Paths to AI (Artificial Intelligence),,live session,"Topics tagged on BasharTV: artificial intelligence, true nature, hybrid children, The Excitement Formula. Recording date 2023-05-27 per fan-archived copy on archive.org (identifier bashar-the-two-paths-to-ai-2023-05-27).",https://tv.bashar.org/programs/two-paths-to-ai
2023-05-31,An Afternoon with Bashar - 2023-05-31,BasharTV 'An Afternoon/Evening with Bashar' series (Japanese-language title on BasharTV: バシャールとの午後),live session,Dated session in the 'An Afternoon with Bashar' series listed on BasharTV; the program page gives only the title/date (Japanese title 'バシャールとの午後' on the 'afternoon' entries) and no synopsis.,https://tv.bashar.org/programs/afternoon-may-31-2023
2023-06-14,An Afternoon with Bashar - 2023-06-14,BasharTV 'An Afternoon/Evening with Bashar' series (Japanese-language title on BasharTV: バシャールとの午後),live session,Dated session in the 'An Afternoon with Bashar' series listed on BasharTV; the program page gives only the title/date (Japanese title 'バシャールとの午後' on the 'afternoon' entries) and no synopsis.,https://tv.bashar.org/programs/afternoon-june-14-2023
2023-06-24,The Silver Cord,,live session,"Topics tagged on BasharTV: higher mind, connection spirit self, permission slip, communication, dreams, The Excitement Formula, spiritual awakening, war, conflict, tension. Recording date 2023-06-24 per fan-archived copy on archive.org (identifier bashar-the-silver-cord-2023-06-24).",https://tv.bashar.org/programs/silver-cord
2023-07-29,The Three Behaviors of Connection,,live session,"Topics tagged on BasharTV: hybrid children, connection, earth, war, conflict, tension. Recording date 2023-07-29 per fan-archived copy on archive.org (identifier bashar-the-three-behaviors-of-connection-2023-07-29).",https://tv.bashar.org/programs/three-behaviors-of-connection
2023-08-09,An Afternoon with Bashar - 2023-08-09,BasharTV 'An Afternoon/Evening with Bashar' series (Japanese-language title on BasharTV: バシャールとの午後),live session,Dated session in the 'An Afternoon with Bashar' series listed on BasharTV; the program page gives only the title/date (Japanese title 'バシャールとの午後' on the 'afternoon' entries) and no synopsis.,https://tv.bashar.org/programs/afternoon-august-9-2023
2023-08-18,An Afternoon with Bashar - 2023-08-18,BasharTV 'An Afternoon/Evening with Bashar' series (Japanese-language title on BasharTV: バシャールとの午後),live session,Dated session in the 'An Afternoon with Bashar' series listed on BasharTV; the program page gives only the title/date (Japanese title 'バシャールとの午後' on the 'afternoon' entries) and no synopsis.,https://tv.bashar.org/programs/afternoon-august-18-2023
2023-08-26,Parallel Realities and You,,live session,Listed on BasharTV (no topic tags or synopsis exposed on the program page). Recording date 2023-08-26 per fan-archived copy on archive.org (identifier bashar-parallel-realities-and-you-2023-08-26).,https://tv.bashar.org/programs/parallel-realities-and-you
2023-09-09,"Welcome to Sedona, The Interdimensional City","Sedona, Arizona",live session,"Topics tagged on BasharTV: portals, vortex, parallel realities, spirits, inter-dimensionals, contact, the formula. Recording date 2023-09-09 per fan-archived copy on archive.org (identifier bashar-sedona-interdimensional-city-2023-09-09).",https://tv.bashar.org/programs/welcome-to-sedona
2023-09-10,Ringing the Bell,,live session,"Topics tagged on BasharTV: vortex, Bell Rock, frequencies, energy, connection, hybrids, perfectionism, channeling. Recording date 2023-09-10 per fan-archived copy on archive.org (identifier bashar-ringing-the-bell-2023-09-10).",https://tv.bashar.org/programs/ringing-the-bell
2023-10-21,One Minute to Midnight,,live session,"Topics tagged on BasharTV: Doomsday Clock, contact, hybrid children, parallel realities, higher purpose, reflections, transformation, Oversoul, war, conflict, tension. Recording date 2023-10-21 per fan-archived copy on archive.org (identifier bashar-one-minute-till-midnight-2023-10-21).",https://tv.bashar.org/programs/one-minute-to-midnight
2023-11-01,An Afternoon with Bashar - 2023-11-01,BasharTV 'An Afternoon/Evening with Bashar' series (Japanese-language title on BasharTV: バシャールとの午後),live session,Dated session in the 'An Afternoon with Bashar' series listed on BasharTV; the program page gives only the title/date (Japanese title 'バシャールとの午後' on the 'afternoon' entries) and no synopsis.,https://tv.bashar.org/programs/afternoon-november-1-2023
2023-11-18,Reflections,,live session,"Topics tagged on BasharTV: self-awareness, positive perspective, true self, permission slip, channeling, the One, Egypt, the Five Laws. Recording date 2023-11-18 per fan-archived copy on archive.org (identifier bashar-reflections-2023-11-18).",https://tv.bashar.org/programs/reflections
2023-11-29,An Afternoon with Bashar - 2023-11-29,BasharTV 'An Afternoon/Evening with Bashar' series (Japanese-language title on BasharTV: バシャールとの午後),live session,Dated session in the 'An Afternoon with Bashar' series listed on BasharTV; the program page gives only the title/date (Japanese title 'バシャールとの午後' on the 'afternoon' entries) and no synopsis.,https://tv.bashar.org/programs/afternoon-november-29-2023
2023-12-06,An Afternoon with Bashar - 2023-12-06,BasharTV 'An Afternoon/Evening with Bashar' series (Japanese-language title on BasharTV: バシャールとの午後),live session,Dated session in the 'An Afternoon with Bashar' series listed on BasharTV; the program page gives only the title/date (Japanese title 'バシャールとの午後' on the 'afternoon' entries) and no synopsis.,https://tv.bashar.org/programs/afternoon-december-6-2023
2023-12-13,An Afternoon with Bashar - 2023-12-13,BasharTV 'An Afternoon/Evening with Bashar' series (Japanese-language title on BasharTV: バシャールとの午後),live session,Dated session in the 'An Afternoon with Bashar' series listed on BasharTV; the program page gives only the title/date (Japanese title 'バシャールとの午後' on the 'afternoon' entries) and no synopsis.,https://tv.bashar.org/programs/afternoon-december-13-2023
2023-12-16,In Two Worlds,,live session,"Topics tagged on BasharTV: open contact, society, vibration, Ascended Masters, parallel reality, challenging, overcome fear. Recording date 2023-12-16 per fan-archived copy on archive.org (identifier bashar-in-two-worlds-2023-12-16).",https://tv.bashar.org/programs/in-two-worlds
2024-01-20,Countdown to Contact: Year One,,live session,"Topics tagged on BasharTV: process, procedures, energy, true nature, The Splitting Prism, religious beliefs, Close Encounters of the Third Kind, awakening. Recording date 2024-01-20 per fan-archived copy on archive.org (identifier bashar-countdown-to-contact-year-one-2024-01-20).",https://tv.bashar.org/programs/countdown-to-contact-year-one
2024-02-07,An Afternoon with Bashar - 2024-02-07,BasharTV 'An Afternoon/Evening with Bashar' series (Japanese-language title on BasharTV: バシャールとの午後),live session,Dated session in the 'An Afternoon with Bashar' series listed on BasharTV; the program page gives only the title/date (Japanese title 'バシャールとの午後' on the 'afternoon' entries) and no synopsis.,https://tv.bashar.org/programs/afternoon-february-7-2024
2024-02-23,The Interstellar Alliance Social Experiment Step One,,live session,"Topics tagged on BasharTV: Interstellar Alliance, frequency, vibrational, CE5 Protocols, Splitting Prism, hybridization program, war, conflict, tension. Recording date 2024-02-23 per fan-archived copy on archive.org (identifier bashar-social-experiment-step-1-2024-02-23).",https://tv.bashar.org/programs/social-experiment-step-1
2024-03-09,The Sedona Ascension Retreat 2024,"Sedona, Arizona",retreat,Listed on BasharTV (no topic tags or synopsis exposed on the program page). Recording date 2024 per fan-archived copy on archive.org (identifier bashar-sedona-ascension-retreat-2024). Date 2024-03-09 per the archive.org item page metadata.,https://tv.bashar.org/programs/sedona-ascension-retreat-2024
2024-03-23,The Interstellar Alliance Social Experiment Step Two,,live session,"Topics tagged on BasharTV: personal path, open contact, global citizenship, civilization, The AAA Formula. Recording date 2024-03-23 per fan-archived copy on archive.org (identifier bashar-social-experiment-step-2-2024-03-23).",https://tv.bashar.org/programs/social-experiment-step-2
2024-04-27,The Interstellar Alliance Social Experiment Step Three,,live session,"Topics tagged on BasharTV: global citizens, changing beliefs, the formula, alignment. Recording date 2024-04-27 per fan-archived copy on archive.org (identifier bashar-social-experiment-step-three-2024-04-27).",https://tv.bashar.org/programs/social-experiment-step-3
2024-05-15,An Evening with Bashar - 2024-05-15,BasharTV 'An Afternoon/Evening with Bashar' series (Japanese-language title on BasharTV: バシャールとの午後),live session,Dated session in the 'An Evening with Bashar' series listed on BasharTV; the program page gives only the title/date (Japanese title 'バシャールとの午後' on the 'afternoon' entries) and no synopsis.,https://tv.bashar.org/programs/evening-may-15-2024
2024-05-25,The Interstellar Alliance Social Experiment Step Four,,live session,"Topics tagged on BasharTV: changes, open contact, amplify vibration, beliefs, forgiveness, higher mind. Recording date 2024-05-25 per fan-archived copy on archive.org (identifier bashar-social-experiment-step-4-2024-05-25).",https://tv.bashar.org/programs/social-experiment-step-4
2024-06-29,The Soul Cycle,,live session,"Topics tagged on BasharTV: exploring souls, mechanics of soul, beliefs, consciousness, manifestation, incarnation, higher vibrational, karma. Recording date 2024-06-29 per fan-archived copy on archive.org (identifier bashar-soul-cycle-2024-06-29).",https://tv.bashar.org/programs/soul-cycle
2024-07-27,Social Experiment Step 5,,live session,"Topics tagged on BasharTV: open contact, volunteering, create unity, vibration connection, highest excitement, the Precursors, war, conflict, tension. Recording date 2024-07-27 per fan-archived copy on archive.org (identifier bashar-social-experiment-step-five-2024-07-27).",https://tv.bashar.org/programs/social-experiment-step-5
2024-08-24,The Interstellar Alliance Social Experiment: Step Six,,live session,"Bashar channeling session titled 'The Interstellar Alliance Social Experiment: Step Six', dated 2024-08-24. Catalogued from a fan-archived recording on archive.org; no official synopsis was located on a fetched page, so only the title and date are recorded here.",https://archive.org/details/bashar-social-experiment-step-six-2024-08-24
2024-09-14,Open Contact Part One,"Sedona (Interstellar Alliance Social Experiment Step Seven / Open Contact, day one)",live session,Two-day session recorded 2024-09-14 (approx. 125 min per archived copy). Archive.org also lists a companion item titled 'Social Experiment Step Seven Open Contact Part One'. No official synopsis located.,https://archive.org/details/bashar-open-contact-part-one_202409
2024-09-15,Open Contact Part Two,"Sedona (Open Contact, day two)",live session,"Second day of the Open Contact sessions, recorded 2024-09-15 (approx. 137 min per archived copy). No official synopsis located.",https://archive.org/details/bashar-open-contact-part-two_202409
2024-10-19,Gaia's Channeling Conference (2nd) - Bashar session,"Gaia headquarters, 833 W South Boulder Road, Louisville, Colorado (in person + Events+ streaming)",conference,"Gaia's second Channeling Conference, October 19 (early-bird pricing ended May 31, 2024; $299 thereafter). Five channelers including Darryl Anka (Bashar), Lee Carroll (Kryon), Sheila Gillette (Theo) and Jessie Herman (Vagrein).",https://marketplace.gaia.com/products/channeling-conference-2024-october-19-2025
2024-10-26,Facing Your Demons,,live session,"Bashar channeling session titled 'Facing Your Demons', dated 2024-10-26. Catalogued from a fan-archived recording on archive.org; no official synopsis was located on a fetched page, so only the title and date are recorded here.",https://archive.org/details/bashar-facing-your-demons-2024-10-26
2024-11-23,Echoes of Sedona,Crowdcast livestream (crowdcast.io/c/echoes) / bashar.org featured event,online session,"Bashar session listed on bashar.org's homepage with a Crowdcast livestream link; fan-archived recording (approx. 2 h 24 min) is dated November 23, 2024. No official synopsis located.",https://archive.org/details/bashar-echoes-of-sedona
2024-12-21,Shifting Realities,Crowdcast livestream (crowdcast.io/c/shifting) / bashar.org featured event,online session,"Bashar session listed on bashar.org's homepage with a Crowdcast livestream link; fan-archived recording (approx. 2 h 18 min) is dated December 21, 2024. No official synopsis located.",https://archive.org/details/bashar-shifting-realities_202412
2025,Messages from Bashar the Extraterrestrial - S01E01: Where Do We Come From?,"Gaia (streaming series, 6 episodes, ~26-28 min each)",other,"Gaia documentary-series episode with Darryl Anka channeling Bashar. Official blurb: ""What if the origins of humanity are far more extraordinary than you ever imagined?"" Series overview: '500 light years away, Bashar, a humanoid being from the parallel reality of Essassani, brings extraordinary wisdom through his channel, Darryl Anka.' TVDB lists no air date; its series record was created 2025-03-05.",https://www.thetvdb.com/series/messages-from-bashar-the-extraterrestrial/allseasons/official
2025,Messages from Bashar the Extraterrestrial - S01E02: What Is the Nature of Existence?,"Gaia (streaming series, 6 episodes, ~26-28 min each)",other,"Gaia documentary-series episode with Darryl Anka channeling Bashar. Official blurb: ""What if the essence of our existence is a reflection of a singular, interconnected reality?"" Series overview: '500 light years away, Bashar, a humanoid being from the parallel reality of Essassani, brings extraordinary wisdom through his channel, Darryl Anka.' TVDB lists no air date; its series record was created 2025-03-05.",https://www.thetvdb.com/series/messages-from-bashar-the-extraterrestrial/allseasons/official
2025,Messages from Bashar the Extraterrestrial - S01E03: What Is Our Purpose?,"Gaia (streaming series, 6 episodes, ~26-28 min each)",other,"Gaia documentary-series episode with Darryl Anka channeling Bashar. Official blurb: ""What if the challenges in your life aren't obstacles, but a divine compass guiding you to your true essence?"" Series overview: '500 light years away, Bashar, a humanoid being from the parallel reality of Essassani, brings extraordinary wisdom through his channel, Darryl Anka.' TVDB lists no air date; its series record was created 2025-03-05.",https://www.thetvdb.com/series/messages-from-bashar-the-extraterrestrial/allseasons/official
2025,Messages from Bashar the Extraterrestrial - S01E04: How Do We Find Our Path?,"Gaia (streaming series, 6 episodes, ~26-28 min each)",other,"Gaia documentary-series episode with Darryl Anka channeling Bashar. Official blurb: ""What if you could wake up every day feeling deeply aligned - living with passion, creativity, and synchronicity?"" Series overview: '500 light years away, Bashar, a humanoid being from the parallel reality of Essassani, brings extraordinary wisdom through his channel, Darryl Anka.' TVDB lists no air date; its series record was created 2025-03-05.",https://www.thetvdb.com/series/messages-from-bashar-the-extraterrestrial/allseasons/official
2025,Messages from Bashar the Extraterrestrial - S01E05: Are We Alone?,"Gaia (streaming series, 6 episodes, ~26-28 min each)",other,"Gaia documentary-series episode with Darryl Anka channeling Bashar. Official blurb: ""Explores extrasolar planets, potential extraterrestrial life, and connections between extraterrestrials, spiritual guides, and ancestors."" Series overview: '500 light years away, Bashar, a humanoid being from the parallel reality of Essassani, brings extraordinary wisdom through his channel, Darryl Anka.' TVDB lists no air date; its series record was created 2025-03-05.",https://www.thetvdb.com/series/messages-from-bashar-the-extraterrestrial/allseasons/official
2025,Messages from Bashar the Extraterrestrial - S01E06: Where Are We Headed?,"Gaia (streaming series, 6 episodes, ~26-28 min each)",other,"Gaia documentary-series episode with Darryl Anka channeling Bashar. Official blurb: ""Examines how higher frequencies could activate dormant DNA markers and reshape humanity's future through channeled guidance."" Series overview: '500 light years away, Bashar, a humanoid being from the parallel reality of Essassani, brings extraordinary wisdom through his channel, Darryl Anka.' TVDB lists no air date; its series record was created 2025-03-05.",https://www.thetvdb.com/series/messages-from-bashar-the-extraterrestrial/allseasons/official
2025,Sedona Ascension Retreat 2025,"Sedona, Arizona",retreat,"Bashar channeling session titled 'Sedona Ascension Retreat 2025', dated 2025. Catalogued from a fan-archived recording on archive.org; no official synopsis was located on a fetched page, so only the title and date are recorded here.",https://archive.org/details/bashar-sedona-ascension-retreat-2025
2025,Sedona Ascension Retreat 2025 (Bashar session),"Sedona Ascension Retreat, Sedona, Arizona",retreat,"Darryl Anka channeling Bashar at the 2025 Sedona Ascension Retreat (commemorated by 'Sedona 2025' merchandise in the Bashar store). A fan-archived recording (~97 min) carries the metadata date 2025-03-15, which conflicts with Anka's Emersion 2025 appearance the same weekend, so only the year is recorded.",https://archive.org/details/bashar-sedona-ascension-retreat-2025
2025-01-26,No More Secrets,,live session,"Topics tagged on BasharTV: contact, vibration, Consequential Secrets, energy, highest excitement, channeling. Date 2025-01-26 per the archive.org item page metadata.",https://tv.bashar.org/programs/no-more-secrets
2025-02-22,Expect the Unexpected,,live session,"Topics tagged on BasharTV: contact, our society, reflections, chaos, alignment, close-minded, hypnotherapy, economy, religion, spirit, spirit guides, souls. Date 2025-02-22 per the archive.org item page metadata.",https://tv.bashar.org/programs/expect-the-unexpected
2025-03-15,Emersion 2025 (Gaia) - Bashar session,"GaiaSphere Event Center, Louisville, Colorado (in person + Gaia+ streaming)",conference,"Gaia's Emersion Conference, March 15-16, 2025. Darryl Anka listed as a featured speaker: 'Bashar reveals humanity's path to Open Contact and our role in the galactic community.' In-person tickets plus online access via Gaia+ ($299/yr).",https://www.gaia.com/lp/emersion2025
2025-03-29,The Fantasy vs. Reality of Contact,,live session,"Topics tagged on BasharTV: prepare for contact, bridge, expectations, the Reptilians, other civilizations, indigenous cultures, science, religion, spirits. Date 2025-03-29 per the archive.org item page metadata.",https://tv.bashar.org/programs/fantasy-reality-contact
2025-04-26,The 40 Year Cycle of Human Evolution,,live session,"Topics tagged on BasharTV: accelerating times, evolution, cultural change, civilization change, cycles, spirits, background people, vibration, planetary management. Date 2025-04-26 per the archive.org item page metadata.",https://tv.bashar.org/programs/40-year-cycles
2025-05-24,2027 The Year Everything Changes,,live session,"Topics tagged on BasharTV: cosmos, shift, probabilities, transformation, contact, Interstellar Alliance Social Experiment, the one, multiverse. Date 2025-05-24 per the archive.org item page metadata.",https://tv.bashar.org/programs/2027-the-year-everything-changes
2026,Dark Skies and Shining Stars (Palm Springs 2026),"Palm Springs, California (bashar.org lists it as the Palm Springs event; commemorated by 'Palm Springs 2026' merchandise)",live session,"Topics tagged on BasharTV: contact groups, contact experiences, ET contact, UFOs/UAPs, internal vs external response, soul recognition, time acceleration, the formula, permission slips, animal communication, screen memory, relationships, trust, death, dodecahedron, artificial intelligence, 2050, Decade of Dreams, Open Contact, ET introductions, spirit guides, orbs, hologram/simulation. Exact date not exposed on the fetched pages.",https://tv.bashar.org/programs/dark-skies-and-shining-stars
2026,The University of Earth (New York 2026),New York (bashar.org lists it as the New York event; commemorated by 'New York 2026' merchandise); AM and PM sessions,live session,"Topics tagged on BasharTV (AM session): university, education, earth school, Open Contact, lessons, Earth, school. Exact date not exposed on the fetched pages.",https://tv.bashar.org/programs/university-of-earth-am-session
2026-09-12,The Open Contact Progress Report (Bashar in Sedona 2026) - Day 1,"Sedona Performing Arts Center, 995 Upper Red Rock Loop Rd, Sedona, Arizona (in person + livestream)",live session,"Saturday channeling session at 12:00 p.m. MST, followed by a 3:00 p.m. screening of 'First Contact', 6:00 p.m. social hour, 8:00 p.m. Starlight Meditation and 9:00 p.m. CE5 experience. In-person seats sold out (except wheelchair-accessible); livestream via BasharTV (included in BTV Live subscriptions). Theme: disclosure progress and readiness for extraterrestrial contact.",https://www.bashar.org/AZ2026
2026-09-13,The Open Contact Progress Report (Bashar in Sedona 2026) - Day 2,"Sedona Performing Arts Center, Sedona, Arizona (in person + livestream)",live session,"Sunday channeling session at 12:00 p.m. MST (ends about 2:30 p.m.), second day of the 'Open Contact Progress Report'. Livestream ticket via BasharTV (tv.bashar.org/programs/open-contact-progress-report-day-two-livestream).",https://www.bashar.org/AZ2026
2026-09-19,San Diego Transcendence Retreat 2026 - Darryl Anka channels Bashar,"Catamaran Resort on Mission Bay, San Diego, California",retreat,"Saturday September 19, 2026: 1:15-2:45 PM main-stage workshop by Darryl Anka, 'Transforming Negative Beliefs into Positive Ones', and 5:30 PM 'Darryl Anka channels Bashar'. Retreat theme 'Quantum Love' (Suzanne Ross Retreats), September 19-20, 2026; passes $155-$733.",https://sandiegotranscendenceretreat.com/schedule/
2026-09-26,Gaia Channeling Conference: Messages for Conscious Contact - Darryl Anka (Bashar),"GaiaSphere Event Center, 833 W South Boulder Road, Louisville, Colorado (in person + Gaia+ livestream)",conference,"Full-day channeling conference hosted by Jason Liggett; Darryl Anka channels Bashar 4:10-5:40 PM MT, following JJ Brighton, Matias De Stefano, Toni Ghazi and Sheila Gillette. Theme: 'higher-dimensional guidance for a world in transition' in the Year of the Fire Horse, including ET contact preparation. In-person $379 (member discounts); Gaia+ streaming $299/yr.",https://www.gaia.com/lp/channeling-fall-2026
2026-11-13,The Channel Panel: Beyond Contact - Darryl Anka (Bashar),"Palm Beach County Convention Center, 650 Okeechobee Blvd, West Palm Beach, Florida (in person; livestream sold separately)",conference,"Three-day consciousness and channeling conference, November 13-15, 2026, with main-stage keynotes, workshops ($150 each), Q&A and panels. Darryl Anka (Bashar) headlines alongside Wendy Kennedy, Jamye Price, Marilyn Harper, Rob Gauthier, Pamela Aaralyn, Tyler Ellison and JJ Brighton. bashar.org links it with referral code BASHAR.",https://thechannelpanel.com/
2027-03-19,Sedona Ascension Retreats 2027: The New Human - Darryl Anka/Bashar,"Sedona Performing Arts Center, Sedona, Arizona",retreat,"March 19-21, 2027 retreat themed 'The New Human: Embodying the Divine Within', with Darryl Anka/Bashar among confirmed speakers (also Marilyn Gewacke/ZaZar, Theresa Bullard, Jason Shurka, JJ Brighton and others). Early-bird passes $400-$700; workshops, outdoor journeys and SkyWatch add-ons.",https://sedonaascensionretreats.com/
,1 3 5 7 Tools Of Change,,live session,"Bashar channeling session titled '1 3 5 7 Tools Of Change', date not stated. Catalogued from a fan-archived recording on archive.org; no official synopsis was located on a fetched page, so only the title and date are recorded here.",https://archive.org/details/bashar-1-3-5-7-tools-of-change
,An Evening at Learning Light,Learning Light (venue),live session,"Topics tagged on BasharTV: crystals, relationships, society, realms, religious, UFO.",https://tv.bashar.org/programs/learning-light
,Crystal Skull Activation,,live session,Listed on BasharTV (no topic tags or synopsis exposed on the program page).,https://tv.bashar.org/programs/crystal-skull-activation
,Essassani Contact Crystal Activation,,live session,Listed on BasharTV (no topic tags or synopsis exposed on the program page).,https://tv.bashar.org/programs/essassani-contact-crystal-activation
,Explorations (Live Stream),BasharTV livestream (listed under recent events on bashar.org),online session,Recent 'Explorations' Bashar livestream referenced on bashar.org's event calendar (program link tv.bashar.org/programs/explorations-live-stream returned 404 when fetched). No date or synopsis available.,https://www.bashar.org/event-calendar
,Great Minds S2:Ep1 - Darryl Anka: Channeling Bashar (Gaia),Gaia original interview series,other,"32-minute Gaia 'Great Minds' episode: how a 1973 close-range sighting of a triangular craft led to Anka's telepathic connection with Bashar of Essassani, the mechanics of channeling, and the core formula of acting on your highest excitement.",https://www.gaia.com/video/darryl-anka-channeling-bashar-0
,Next Level Soul - Wisdom From Beyond: Virtual Channeling Summit (Bashar),"Online (watch.nextlevelsoul.com), hosted by Alex Ferrari",online session,Premium virtual summit featuring six channelers; Darryl Anka appears channeling Bashar ('Watch Darryl Channel'). Listed under upcoming events on bashar.org; dates and price not shown on the fetched page.,https://nextlevelsoul.com/events-wisdom-from-beyond-bashar/
,RSVP (01-10-20),,live session,"Bashar session titled 'RSVP'; the archive.org identifier carries the numeric date '01-10-20', which the archive's own listings render inconsistently as 2020-01-10 and 2001-10-20, so no ISO date is asserted. No official synopsis located.",https://archive.org/details/bashar-rsvp-01-10-20
,What is God?,BasharTV (listed under recent events on bashar.org),live session,"Recent Bashar session listed on bashar.org's event calendar and homepage under 'What is God?' with a BasharTV program page; the page exposes no date, tags or synopsis. Appears in the calendar alongside 2025-2026 events (40 Year Cycle, Fantasy vs Reality of Contact, Expect the Unexpected, Palm Springs and New York 2026).",https://tv.bashar.org/programs/whatisgod
